<?xml version="1.0" encoding="UTF-8"?><metadata>
    <idinfo>
        <citation>
            <citeinfo>
                <title>GRSM_100K_TOPO_BOUNDARIES</title>
            </citeinfo>
        </citation>
        <descript>
            <abstract>This layer presents the geographic extent of USGS 1:100,000 topographic maps (30- by 60-minute quadrangles) for the conterminous U.S. forty-eight states and District of Columbia. It provides quadrangle name, identification number, publication data, and map coverage by state for each quadrangle. This medium-scale index grid can be a handy visual reference for regional displays. These data are a subset of a larger dataset published by the organization listed in the credits. Great Smoky Mountains National Park makes these data available in this form such that users can: effectively manipulate data for park mapping activities that do not require the acquisition of a large, nation-wide data set; alter symbology and rendering parameters natively; restrict analysis of geospatial data to an extent that coincides with the park footprint.The corresponding Integration of Resource Management Applications (IRMA) NPS Data Store reference is Great Smoky Mountains National Park 1:100,000-scale Topographic Map Boundaries.</abstract>
            <purpose>Great Smoky Mountains National Park 1:100,000-scale Topographic Map Boundaries</purpose>
        </descript>
        <keywords>
            <theme>
                <themekt>None</themekt>
                <themekey>GRSM</themekey>
                <themekey>Great Smoky Mountains National Park</themekey>
                <themekey>Cartographic</themekey>
                <themekey>Hiking</themekey>
                <themekey>Boundaries</themekey>
            </theme>
        </keywords>
        <accconst>None</accconst>
        <useconst>The National Park Service shall not be held liable for improper or incorrect use of the data described and/or contained herein. These data and related graphics (i.e. GIF or JPG format files) are not legal documents and are not intended to be used as such. The information contained in these data is dynamic and may change over time. The data are not better than the original sources from which they were derived. It is the responsibility of the data user to use the data appropriately and consistent within the limitations of geospatial data in general and these data in particular. The related graphics are intended to aid the data user in acquiring relevant data; it is not appropriate to use the related graphics as data. The National Park Service gives no warranty, expressed or implied, as to the accuracy, reliability, or completeness of these data. It is strongly recommended that these data are directly acquired from an NPS server and not indirectly through other sources which may have changed the data in some way. Although these data have been processed successfully on computer systems at the National Park Service, no warranty expressed or implied is made regarding the utility of the data on other systems for general or scientific purposes, nor shall the act of distribution constitute any such warranty. This disclaimer applies both to individual use of the data and aggregate use with other data.</useconst>
        <datacred>Great Smoky Mountains National Park,
Resource Management &amp; Science,
Geographic Resources Program</datacred>
    </idinfo>
    <metainfo>
        <metstdn>FGDC Content Standard for Digital Geospatial Metadata</metstdn>
        <metstdv>FGDC-STD-001-1998</metstdv>
        <mettc>local time</mettc>
    </metainfo>
</metadata>
