<?xml version="1.0" encoding="UTF-8"?><metadata>
    <idinfo>
        <citation>
            <citeinfo>
                <title>GRSM_HISTORIC_BUILDINGS</title>
            </citeinfo>
        </citation>
        <descript>
            <abstract>Historic buildings are a resource created principally to shelter any form of human activity, such as a house. These resources would include features such as: farmhouses, homesites, mansions, churches, museums (if the building is historic), courthouses, offices, prisons, train depots, etc. Historic buildings most often function primarily as dwellings. The point may represent the center of the building, an entrance, a corner, etc., while the polygon may represent the building footprint. Structures are a functional construction made for purposes other than creating shelter, such as a bridge. These resources would include features such as: fortifications, earthworks, roads, fences, canals, dams, engineering features, barns, outbuildings, arsenals, ships, manufacturing facilities, etc. These resources represent sites that do not function primarily as dwellings, however they may serve temporarily to house humans, although their primarily purpose is not a permanent shelter. The point may represent the location of a culvert, while a line may represent a fence or road, and a polygon may represent the circumscribed boundary of a manufacturing plant.The corresponding Integration of Resource Management Applications (IRMA) NPS Data Store reference is Great Smoky Mountains National Park Historic Structures.</abstract>
            <purpose>Great Smoky Mountains National Park Historic Buildings, Structures and Objects</purpose>
        </descript>
        <keywords>
            <theme>
                <themekt>None</themekt>
                <themekey>GRSM</themekey>
                <themekey>Great Smoky Mountains National Park</themekey>
                <themekey>Cultural</themekey>
                <themekey>Buildings &amp; Structures</themekey>
                <themekey>Points of Interest</themekey>
            </theme>
        </keywords>
        <accconst>None</accconst>
        <useconst>The National Park Service shall not be held liable for improper or incorrect use of the data described and/or contained herein. These data and related graphics (i.e. GIF or JPG format files) are not legal documents and are not intended to be used as such. The information contained in these data is dynamic and may change over time. The data are not better than the original sources from which they were derived. It is the responsibility of the data user to use the data appropriately and consistent within the limitations of geospatial data in general and these data in particular. The related graphics are intended to aid the data user in acquiring relevant data; it is not appropriate to use the related graphics as data. The National Park Service gives no warranty, expressed or implied, as to the accuracy, reliability, or completeness of these data. It is strongly recommended that these data are directly acquired from an NPS server and not indirectly through other sources which may have changed the data in some way. Although these data have been processed successfully on computer systems at the National Park Service, no warranty expressed or implied is made regarding the utility of the data on other systems for general or scientific purposes, nor shall the act of distribution constitute any such warranty. This disclaimer applies both to individual use of the data and aggregate use with other data.</useconst>
        <datacred>Great Smoky Mountains National Park
Resource Management &amp; Science
Cultural Resources Division</datacred>
    </idinfo>
    <metainfo>
        <metstdn>FGDC Content Standard for Digital Geospatial Metadata</metstdn>
        <metstdv>FGDC-STD-001-1998</metstdv>
        <mettc>local time</mettc>
    </metainfo>
</metadata>
