<?xml version="1.0" encoding="UTF-8"?><metadata>
    <idinfo>
        <citation>
            <citeinfo>
                <title>GRSM_CEMETERIES</title>
            </citeinfo>
        </citation>
        <descript>
            <abstract>This is a vector point file showing cemetery locations at Great Smoky Mountains National Park (GRSM). The data was collected using a Trimble Pro XR GPS receiver with a Trimble Compact Dome Antenna and a Trimble Asset Surveyor hand held data logger. Cemetery mapping was a follow on to GRSM trail mapping and was initiated as trail mapping was winding down on 3/8/2001. The objective was to GPS map every cemetery in GRSM. The GRSM Resource Management &amp;amp; Science - Cultural Resource Branch provided a photocopy of a cemetery locations map that was derived from a &amp;quot;1934 Preliminary Base Map Smoky Mountains National Park&amp;quot; which depicted cemetery locations and identification numbers. Cemetery maintenance log sheets were also provided, which included location descriptions of GRSM cemeteries along with identification numbers, names and other information. There were approximately 145 cemeteries identified in these documents. Because of inconsistencies between the map and maintenance logs, there was never an exact count of identified cemeteries. Additionally, other cemeteries existed, that were not described by these documents, but shown on the topographic maps. Many inaccuracies with the base map data and maintenance logs resulted in difficulty in locating the cemeteries. Many cemeteries were located and mapped with the aid of GRSM maintenance personnel and local citizens (old timers). This dataset represents the most up to date and accurate location and identification (cemetery identification) information available to Park resource managers. As such it should be used as the authoritative source or inventory of such information. To show the location of cemeteries at Great Smoky Mountains National Park. The intended use of all data in the park's GIS library is to support diverse park activities including planning, management, maintenance, research, and interpretation. These data represent only the point locations of cemeteries shown within the Great Smoky Mountains National Park. A more comprehensive dataset of tabular data containing cemetery and grave information, compiled by Bob Lochbaum, is available from the Point of Contact.The corresponding Integration of Resource Management Applications (IRMA) NPS Data Store reference is Great Smoky Mountains National Park Cemeteries.</abstract>
            <purpose>Great Smoky Mountains National Park Cemeteries</purpose>
        </descript>
        <keywords>
            <theme>
                <themekt>None</themekt>
                <themekey>GRSM</themekey>
                <themekey>Great Smoky Mountains National Park</themekey>
                <themekey>Cultural</themekey>
            </theme>
        </keywords>
        <accconst>None</accconst>
        <useconst>The National Park Service shall not be held liable for improper or incorrect use of the data described and/or contained herein. These data and related graphics (i.e. GIF or JPG format files) are not legal documents and are not intended to be used as such. The information contained in these data is dynamic and may change over time. The data are not better than the original sources from which they were derived. It is the responsibility of the data user to use the data appropriately and consistent within the limitations of geospatial data in general and these data in particular. The related graphics are intended to aid the data user in acquiring relevant data; it is not appropriate to use the related graphics as data. The National Park Service gives no warranty, expressed or implied, as to the accuracy, reliability, or completeness of these data. It is strongly recommended that these data are directly acquired from an NPS server and not indirectly through other sources which may have changed the data in some way. Although these data have been processed successfully on computer systems at the National Park Service, no warranty expressed or implied is made regarding the utility of the data on other systems for general or scientific purposes, nor shall the act of distribution constitute any such warranty. This disclaimer applies both to individual use of the data and aggregate use with other data.</useconst>
        <datacred>Great Smoky Mountains National Park
Resource Management &amp; Science
Cultural Resources Division</datacred>
    </idinfo>
    <metainfo>
        <metstdn>FGDC Content Standard for Digital Geospatial Metadata</metstdn>
        <metstdv>FGDC-STD-001-1998</metstdv>
        <mettc>local time</mettc>
    </metainfo>
</metadata>
