<?xml version="1.0" encoding="UTF-8"?><metadata>
    <idinfo>
        <citation>
            <citeinfo>
                <title>GRSM_HISTORIC_DISTRICTS</title>
            </citeinfo>
        </citation>
        <descript>
            <abstract>Historic districts are a significant concentration, linkage, or continuity of sites, buildings, structures or objects united historically or aesthetically by plan or physical development. These resources may represent a local urban historic district within a city containing buildings related to a similar theme (such as commerce, manufacturing, college campus, etc.), or they may represent a rural area containing a series of plantations all from the same era that provide a representative example of typical residences in an area. An Historic District may also contain a series of archaeological sites or other resource types which exhibit some significant connection. The polygon represents the boundary of the district itself, encompassing all of the various contributing elements. Contributing elements to the district should be included in the appropriate data layer for each element: historic building, historic structure, archaeological site, or ethnographic resource. If a contributing element to a district does not fit within these defined cultural resource type categories, they can be included in the Other Cultural Resource data layers, with the specification of what type of feature they represent recorded.</abstract>
            <purpose>Great Smoky Mountains National Park Historic Districts</purpose>
        </descript>
        <keywords>
            <theme>
                <themekt>None</themekt>
                <themekey>GRSM</themekey>
                <themekey>Great Smoky Mountains National Park</themekey>
                <themekey>Cultural</themekey>
                <themekey>Boundaries</themekey>
            </theme>
        </keywords>
        <accconst>None</accconst>
        <useconst>The National Park Service shall not be held liable for improper or incorrect use of the data described and/or contained herein. These data and related graphics (i.e. GIF or JPG format files) are not legal documents and are not intended to be used as such. The information contained in these data is dynamic and may change over time. The data are not better than the original sources from which they were derived. It is the responsibility of the data user to use the data appropriately and consistent within the limitations of geospatial data in general and these data in particular. The related graphics are intended to aid the data user in acquiring relevant data; it is not appropriate to use the related graphics as data. The National Park Service gives no warranty, expressed or implied, as to the accuracy, reliability, or completeness of these data. It is strongly recommended that these data are directly acquired from an NPS server and not indirectly through other sources which may have changed the data in some way. Although these data have been processed successfully on computer systems at the National Park Service, no warranty expressed or implied is made regarding the utility of the data on other systems for general or scientific purposes, nor shall the act of distribution constitute any such warranty. This disclaimer applies both to individual use of the data and aggregate use with other data.</useconst>
        <datacred>Great Smoky Mountains National Park
Resource Management &amp; Science
Cultural Resources Division</datacred>
    </idinfo>
    <metainfo>
        <metstdn>FGDC Content Standard for Digital Geospatial Metadata</metstdn>
        <metstdv>FGDC-STD-001-1998</metstdv>
        <mettc>local time</mettc>
    </metainfo>
</metadata>
