<?xml version="1.0" encoding="UTF-8"?><metadata>
    <idinfo>
        <citation>
            <citeinfo>
                <title>GRSM_BACKCOUNTRY_CAMPSITES</title>
            </citeinfo>
        </citation>
        <descript>
            <abstract>A backcountry campsite refers to a remote, primitive site typically located far from developed or maintained campgrounds. These campsites are situated in wilderness areas, often requiring hikers, backpackers, or other outdoor enthusiasts to hike or travel significant distances to access them. Here are some defining features of backcountry campsites:As of February 2013, Great Smoky Mountains National Park requires a permit and advance reservations for all backcountry camping in the park. Before planning your backcountry trip, please read through important information about reservations and permits, regulations, bear safety, trail closures, and on our backcountry camping page.QuestionsPlease direct questions concerning backpacking trip planning to the Backcountry Information Office at 865-436-1297. Phone calls are the preferred method of contact. The information office is open for phone calls daily from 8:00 am until 5:00 pm (Eastern Time) and in-person service from 9:00 am to 5:00 pm. In addition to answering your backpacking questions, the experienced backpackers in the Backcountry Information Office can provide you with tips to make your trip safe and enjoyable.ResourcesThe park has over 800 miles of trails offering hikers a wide range of scenery including spectacular mountain vistas, rushing streams and waterfalls, historic structures, and quiet groves of old-growth forest. You can download a park trail map to find the location of trails, backcountry shelters, and campsites in the park.In addition, Smokies Life sells a variety of hiking books, maps, and guides to help choose a hiking route and plan your backcountry trip. Smokies Life is a nonprofit organization that supports educational and scientific programs in the park. You can contact the Association online or by phone at 865-436-0120.RegulationsBackpackers and hikers are subject to all Backcountry Rules and Regulations. Failure to abide by park regulations may subject you to a fine under Title 36, Code of Federal Regulations. Maximum fine for each violation is $5,000 and/or 6 months in jail.Backcountry camping allows people to immerse themselves in nature, providing a chance to disconnect from everyday life, experience true wilderness, and test outdoor skills. It’s important to plan carefully, understand the local regulations, and ensure that you have the necessary equipment for a safe and responsible adventure.The corresponding Integration of Resource Management Applications (IRMA) NPS Data Store reference is Great Smoky Mountains National Park Backcountry Campsites.</abstract>
            <purpose>Great Smoky Mountains National Park Backcountry Campsites</purpose>
        </descript>
        <keywords>
            <theme>
                <themekt>None</themekt>
                <themekey>GRSM</themekey>
                <themekey>Great Smoky Mountains National Park</themekey>
                <themekey>Facilities</themekey>
                <themekey>Camping</themekey>
                <themekey>Hiking</themekey>
                <themekey>Points of Interest</themekey>
            </theme>
        </keywords>
        <accconst>None</accconst>
        <useconst>The National Park Service shall not be held liable for improper or incorrect use of the data described and/or contained herein. These data and related graphics (i.e. GIF or JPG format files) are not legal documents and are not intended to be used as such. The information contained in these data is dynamic and may change over time. The data are not better than the original sources from which they were derived. It is the responsibility of the data user to use the data appropriately and consistent within the limitations of geospatial data in general and these data in particular. The related graphics are intended to aid the data user in acquiring relevant data; it is not appropriate to use the related graphics as data. The National Park Service gives no warranty, expressed or implied, as to the accuracy, reliability, or completeness of these data. It is strongly recommended that these data are directly acquired from an NPS server and not indirectly through other sources which may have changed the data in some way. Although these data have been processed successfully on computer systems at the National Park Service, no warranty expressed or implied is made regarding the utility of the data on other systems for general or scientific purposes, nor shall the act of distribution constitute any such warranty. This disclaimer applies both to individual use of the data and aggregate use with other data.</useconst>
        <datacred>Great Smoky Mountains National Park,
Facilities Management Division,
Visitor Use Management</datacred>
    </idinfo>
    <metainfo>
        <metstdn>FGDC Content Standard for Digital Geospatial Metadata</metstdn>
        <metstdv>FGDC-STD-001-1998</metstdv>
        <mettc>local time</mettc>
    </metainfo>
</metadata>
