﻿site_num_official,site_num_field,name_archaeo,artefact_type,material,GlobalID
5EP.1144,,SS,Core ,"Unknown chert, reddish-brown color",{5A0B7ACA-C1BA-4936-A3B4-9FFA7B137CF7}
5EP.1144,,TC,Core,Petrified wood,{A48116F6-2F21-490F-83D6-77CDE76C851A}
5EP.1144,,TC,Flake,"Quartz, some reddish-brown coloring ",{066CE2D2-7366-4A69-A801-A0E5F55A67ED}
5EP.1144,,MK,Flake,Petrified palm wood ,{647F0767-6759-4762-9938-E05DC9C93A66}
5EP.1144,,CW,Bottle ,Amethyst bottle neck and lip,{EE64A05E-7BA2-4250-9CFF-492789D4CFC3}
5EP.1142,,"SS, VH",Flake,Petrified wood,{CED6D293-35C0-4EE2-9E42-CEDEFC72A2B8}
5EP.1142,,"SS, VH",Core,"Chert, translucent ",{CD76A978-B1D5-4165-8AB1-FF5E115B86BC}
5EP.1142,,"SS, VH",Flake,Petrified wood,{071D82D5-4A7E-484C-AEEA-06797752607A}
5EP.1142,,"SS, VH",Core,Petrified wood,{91F5DA30-6B7D-40D9-8E69-54B4AE9BE3FB}
5EP.1142,,"SS, VH",Flake,Chert,{B8B5167E-A8A5-4C51-9C1A-4624D2485DF0}
5EP.1142,,"SS, VH",Flake,Petrified wood,{5820AF54-467B-4E23-9626-1C8A9336539F}
5EP.1142,,"SS, VH",Core,Orthoquartzite ,{C2E1B74E-DBAA-4D4D-9CA3-CCFE2B0C1F89}
5EP.1142,,"SS, VH",Flake,Petrified wood,{222803EF-F000-453E-99B9-CEB09DE8C176}
5EP.1142,,"SS, VH",Scrapper ,Chert,{38771A44-C322-4808-BFA6-56384CCDD758}
5EP2841,,TC,Bottle lip,Amethyst glass ,{744D5B74-E892-4217-8E67-55184E22B910}
5EP.2841,,"SS, MG",Flake,White chert,{AC326045-A441-4159-BAC9-089F2FBFA422}
5EP.2841,,"SS, MG",Flake,Chert,{2524C3E9-94C1-42AA-A762-53D1C134B3F8}
5EP.2841,,"SS, MG",Flake ,Fossilized palm wood,{44F8BC05-6761-4397-9B9D-DE64A3C0569D}
5EP.2841,,"SS, MG",Flake,Chedt,{40101839-AC22-4E4C-A8DC-7D1F76BA14E0}
5EP.2841,,"SS, MG ",Flake,Chert,{7F57D9DA-736D-433A-90D9-140C9C2E9510}
5EP.3693,,SS,Metal,Metal,{A7DD629E-D0F6-4380-9F9D-694A3675337D}
5ep2841,,"CW, mm",garbage,metal,{CE78FF7A-8393-4DA6-8E50-2668E15702C9}
5ep2841,,"CW, sjs",Flake,"silicified wood, caramel",{77D8381E-085E-454F-AB84-03293D20AAEB}
5ep2841,,"CW, vh",Flake,orthoquartzite,{64FDF45D-824B-4AC6-92D8-5E3816D97D9B}
5ep2841,,"CW, vh",Flake,"silicified wood, palm",{D72A85E2-14D9-43AE-A5CF-9A1FC34612F1}
5ep3693,,cw,Core,silicified wood,{51512374-FC14-4600-827A-29E0D54E8938}
5ep3693,,"CW, TC",Flake,chert,{51C61F2A-32D4-4245-BC36-EF5B01EC5172}
5EP1.1142,,MM TC,Flake,chert,{053E61AF-A958-438F-A060-640DF8F40851}
5EP.2841,,VH,wire,iron,{6E8465A8-EC6C-47C8-BF5C-D7E6C68D0100}
,,k.h,,rubber,{2F872474-1662-4D95-BC1E-D59582E836A5}
,,SJ Spangler,Can lids,metal,{FC7B4B89-574D-4002-980A-F98870CAA7DE}
5EP3693,,Matt,Metal ring,metal ,{3582525B-2F2D-4561-8024-3F164C50A6AB}
5EP3693,,,material ,leather,{6ADB7E1D-0C14-45AA-9A6A-7F98CEA8A59C}
5EP3693 ,,SJ Spangler,lid,metal lid,{5B18FB36-F67F-4C72-95C5-EEFE62EC4A61}
5EP3693 ,,SJ Spangler,lid,metal lid,{9D8D4B48-DD3C-497E-B03F-767C9454E85D}
5EP854,,Karin Larkin,Tool,Chert jasper,{C8B95960-4D2E-48D8-A46C-24C795D3A3D0}
5EP854,,Karin Larkin ,Tool,Chert,{8ACC6D2A-0954-4F5D-B165-5061636D3746}
5EP854,,Karin Larkin,Tool,Chalcedony ,{7CEA568F-2043-40B0-A455-9FA965F79253}
5EP854,,Karin Larkin,Tool,Chert,{4CDB8576-11AD-47D7-BF49-57CB54DE8B37}
5EP854,,Karin Larkin ,Tool,Chert,{D18BE831-9728-4C98-8764-68D48F6D4E68}
5EP854,,Karin Larkin ,Tool,Chert,{4823555F-8525-420E-B260-A67E08501C9A}
5EP.1164,,"SS, SB, TC",Flake ,Petrified wood,{21E7B051-87B8-4CA6-A13D-21DA5944FCD3}
5EP.1164,,"SS, SB, TC",Flake,solicified wood,{463DC2B0-FF13-4C54-8D4F-FC15704D96DC}
5EP.1164,,TC,Core,petrified wood,{5BFBA963-551A-450C-B4E0-75C7C3AD24BD}
5EP.1164,,TC,Tool,Petrified Wood,{22D0193F-9999-4697-9CBD-0B3E261C26F0}
5EP.1164,,TC,Arrowhead,,{F635012B-6755-4436-8D0D-9AF58A245A3B}
5EP.1164,,"SS, SB, TC",Flake,Petrified wood,{C0F5B3BA-EA4C-404C-966E-9803D22A7B8D}
5EP.1164,,"SS, SB, TC",Flake,Petrified wood,{1BA25894-0A06-468F-8B51-C68E1402D7B6}
5EP.1164,,"SS, SB, TC",Flake,Petrified wood,{75463371-4A4D-4616-B81A-AB61D9FCF982}
5EP.1164,,"SS, SB, TC",Flake,Chert,{16703684-DFC0-4F15-8122-FD4FC4C76E63}
5EP.1164,,"SS, SB, TC",Flake,Silicified wood,{9C75F3EB-BCE1-4CD7-B15A-99838CF72412}
5EP.1164,,"SS, SB, TC",Flake,Carmel chert ,{00500786-58C0-409F-B867-D29D12FC01BD}
5EP.1164,,"SS, SB, TC",Flake,Chert,{663286DD-4550-47A2-9385-EACBBB662B1D}
5EP854,,Karin Larkin ,Tool,Orthoquartzite,{335CD48C-8B37-40AA-BEEB-AC4931BC0890}
5EP854,,Karin Larkin ,Tool,Silicified wood,{1CDBBB6C-DAD2-428A-8E6C-EE130980F540}
5EP854,,Karin Larkin ,Ceramic ,Ceramic ,{20EEDE28-1E88-4CBA-962C-3F2CC17D40AA}
5ep854,,cw,Tool,chert ,{5B96C133-CC82-4204-ADA8-0F301216441A}
5EP.1164,,TC,Flake,petrified Wood,{FBFBAFC4-1B11-4272-A6BF-B700CCCCA741}
5EP.1164,,TC,charcoal ,charcoal,{9A016B8C-7FA3-459A-9128-4F4C8788D5EC}
5EP.1164,,,Flake,fired Carmel chert,{B4FD4C41-F986-4576-8BBC-3B9F7AD5F5EE}
5EP.2761,,"SS, SB",Can,,{ED9F464F-B5B0-4411-9B70-6E63D3E4967B}
5EP.2775,,TC,Hearth,Stone and Charcoal,{6E24DCCA-7FA4-45D5-8C2B-B7AEE2053D3A}
5EP.2773,,AC,Flake,Silicified wood,{E9969AC1-F152-432F-BDF6-F6078B426BE9}
5EP.2773,,CW,Flake,,{D4AB3A6B-594D-4889-B076-558EBDC242FD}
5EP.2773,,MM,Flack/Tool,Quartz/chert,{EB63C1F0-6D1B-4D26-9C63-A20E100B8C2C}
5EP2773,,SJ,Flake,Chert,{3BC25EE6-B13A-4E4F-8294-5BAFA4C578DE}
5EP.2773,,CW,Flake,White Chert,{11F2C0DD-6815-4F0A-9E98-74EED50D4E3B}
5EP.2773,,SJ,Flake,Chert,{FF62C636-0A89-4228-BA7F-C548A98E28CD}
5EP.2773,,MM,Flake,"Chert, heated Chert, black Chert",{870BF3B8-4838-40EB-94EF-ADDDD31E3155}
5EP.2773,,MM,Flake,Chert,{CB473168-0E1F-4549-A6B3-885526800BFA}
5EP.2773,,SB,Flake,Chert/Quartz,{FDBDF6F9-7C6F-4960-B4DF-6FD427A1A5B0}
5EP.2773,,MM,Flake,Chert,{C60739AF-5229-419F-BBC2-FD6A7A37F6BA}
5EP.2773,,AC,Shatter,Quartzite,{B4CC0371-8960-43DF-B37E-1404EE6B248B}
5EP.2773,,SB,Flake,Chert,{0475F19F-6E3B-4689-A1A8-4FB21AFFD2C4}
5EP.2773,,AS,Flake,silicified wood,{E491FD8F-5C15-4F94-8C05-2674917AFB2E}
5EP.2773,,SB,N/A,Cool blue Rock,{EFB5CD0C-3D05-49DD-8366-1DFF725C12EE}
5EP.2773,,AS,Flake,clear chert,{5E5E0E9B-6CBA-4983-B871-6551C88FF338}
5EP.2773,,AC,"Flake,Core",Heat treated chert and chert,{8D4B521C-1AF2-4B2D-8717-5500658D2585}
5EP.2773,,AC,Tool,silicified wood,{931682B0-4EFF-4658-B42C-06F24733AB1D}
5EP.2773,,SJ MM,Flake,Wood,{91DE7B1C-E92B-40FB-8DA5-A1F24BACC244}
5EP.2773,,MM SJ,Core,Heated Chert,{141CF79B-8093-45C4-A75D-A0B47BFA7094}
5EP.2773,,SJ/MM,Flake,Heated chert/quartzite,{FD0EE80D-C2B4-4115-8FA3-74E2E49CCEC3}
,JCCP.003,SB/AS,Glass,Aqua glass,{4D84B385-6ED0-4174-A3D1-210DB96922A9}
,JCCP.003,SB/AS,Can lid,Sanitary can,{94893A0C-61B5-4F7C-B455-5D4DB78631B7}
,jccp.001,cw,Ceramic,clay,{61221929-615F-4E92-8714-35A537BF3508}
,jccp.001,cw,Core,"chert,caramel",{097C11BE-DF57-4F8A-9252-1DBA89CD4DAD}
,jccp.002,"cw, be",Ceramic,clay,{2B333A77-3FC7-44D5-AAFF-BE7764250A4A}
5ep2773,,"cw,ac",Metate,,{E96C3A79-17AE-4F92-9EF3-BAB355B34C5B}
5ep2773,,cw,FCR,,{4C7D278B-D1AA-4518-BACE-C3966AF946B0}
5ep2773,,"cw,fw",Flake,silified wood,{C80CF40B-2D85-4ED0-A44F-F5494E138E25}
5ep2773,,"cw,ac",Flakes,"quartzite, heated silified wood, unheatednsilicified wood",{E605D71B-5406-4318-ABE9-2B3E85016545}
,,k.h,primary ,quartz,{5753CCA3-2949-4BF0-92F5-23A9140D68B5}
5EP.2847,,"CW, MM",Flake,heat-treated chert,{E1DF22A0-C2B7-4AA9-AED0-0381C356D305}
5EP.2847,,TC,Shatter,Solicified Wood,{868680EC-0BA9-46B7-BC3E-CCE59D5A6C82}
5EP.2847,,"CW, SB",Flake,silicified wood,{6880B39D-ADB1-4F43-BDF0-A62F743AA04B}
5EP.2843,,TC,Flake,Solidified wood,{4CBBD891-253F-4660-8900-9357C386A7A2}
5EP.2847,,SV,Flake,solicified Wood,{EDCC7D25-B9BD-4AC6-AF8B-11870B23230D}
5EP.2847,,SV,Shatter,Solicified Wood,{9BDDDC85-D0E8-4C80-B421-2F07F1D9CFC5}
5EP.2847,,CW 👨‍🌾,Flake,Chert,{CFC51336-4A29-4758-BA86-C5806F21BDAE}
5EP.2847,,BE,Pipe,Metal ,{445D2B42-F337-4589-A684-91D0F9AC5BD5}
5ep2776,,cw,Core,"chert, caramel",{95357EEF-8521-44C4-8501-04F309BF9B43}
5EP.2846,,BE,,heated solicified wood,{A114E969-FA3A-4298-A9B5-BDC141648F81}
5EP.2846,,TC,Flake,Solicified Wood,{BFECBBA0-AA0E-480B-8D97-8492C89129D3}
5EP.2846,,MK,,solicified wood,{428C8ADB-17FC-4C76-8E9E-D26DEED79ED2}
5EP.2760,,TC,Flake,solicified wood,{583805A4-7E2A-4043-B087-98DB1C877CBD}
5EP.2760,,"TC,  MM",,3rd,{FAA302B7-BD3A-4F08-ADF0-3234715E7667}
5EP.2760,,SV,Flake,heated solicified wood,{8EB43DB3-1EA2-4FAC-914C-6539182C3734}
5EP.2760,,TC,Flake,solicified wood,{CB063390-7E78-46BF-AC50-8CCE110A4D37}
5EP.2760,,BE,Tool,sedimentary,{D58293D7-B449-442C-B603-7198EB4506B0}
5ep2760,,"CW, be",Flake,silicified wood,{054B934C-6340-4E73-8976-9F7E6E050EFA}
5ep2760,,cw,Flake,"chert, white, maybe heated?",{F560DC66-A756-4D18-8F1C-D92E737C92F0}
5ep2670,,cw,Flake,"chert, pinkish",{711EBF1B-3A7B-4326-B922-AF07900DEEF6}
5EP.2760,,MG,Tool,chert,{46258D38-F57F-46FD-9952-14A492250DF4}
5EP.2760,,MM,Tool,Solidified wood,{ED1EB84F-76F2-46FD-B19C-2E2F00C7D842}
5EP.2760 ,,TC,Tool,heated solicified wood,{8EEBAFCD-5735-45A0-AB5C-86C5E12700F7}
5ep2670,,"CW, ",Flake,silicified wood,{7F5CB21A-E7E3-4680-9C14-1870F58B3EDF}
5ep2760,,sw,Flake,silicified wood,{0AB25C1E-0A40-4D70-900A-09E6C7AC8966}
5ep2760,,"CW, maria",Flake,heated silicified wood,{BE16DE97-C787-4D64-96A0-4337D9CC442E}
5ep2760,,cw,Flake,silicified wood,{16B7C71E-1C25-4CFE-B795-EDFBB49EB90A}
5ep2760,,,Flake,chert,{3C278521-2D4C-4EA9-B40A-BFEA35407349}
5ep2760,,,Flake,"silicified wood, heated",{F0D007BA-DC9B-4B67-9BDA-55B26CCABFE0}
5ep.2760,,"CW, BE",Ceramic,clay,{82B74CF3-FE0C-4612-91F8-2EFE7715CB55}
5ep 2843,,kh ss mg,Flake ,chert,{7FDCEBF4-64DC-40D7-813E-323E63DC343A}
5ep2762,,"cw, ac",Tool,,{08B09381-AF65-4D03-8283-E1ECAAE627EE}
5ep2762,,as,Tool,,{706408BD-6EE6-4917-9DEC-F008F61128E9}
5ep2762,,cw,Tool,,{CAFF4BEE-C959-47A8-BF37-C0E917F38593}
5ep2762,,cw,Core,chert,{00BF6086-C81F-4B85-9099-1CB1F7288123}
5ep2762,,cw,Tool,scilicified wood,{9ED191A4-10F2-4AC6-BC1D-441C7FAC4903}
5ep2762,,cw,Tool,,{1DD8587E-EAF0-4920-B29F-DC9667EA90C9}
5ep2762,,cw,Tool,,{0FC272CA-0A34-4EFA-8E45-DF6BF2D5FBF1}
5ep2762,,cw,Tool,"chert, white/purple",{2BC0DB83-17EF-4689-B22B-C935F2EB89DD}
5ep2762,,cw,Tool,,{8D1695BF-D35B-4C67-92BE-84E81B746852}
5ep2779,,cw,Tool,chert,{594627C7-CFFD-4D03-8957-9BBD7B553721}
5ep2779,,cw,Tool,groundstone,{DCFA1548-9171-4B30-942A-FF4AD7EB5129}
5ep2779,,mg,Flake,sw,{5DF336F9-4A2B-4432-B510-9D4082A585A6}
5ep2779,,,Flake,sw,{DA7BAB19-B2F4-4500-843A-4A56FE08F5BB}
5EP.849,,SB,dishware,porcelain,{F3849D68-6F5E-4DEB-8512-0D3F0CD7C977}
5ep2779,,TC,Bone,bone,{25ED33CD-67C9-4F48-AE8D-2F028848BCEC}
5ep2779,,,FCR,,{EE9CC350-3349-4C93-B3D9-CD747A28F0EE}
5EP.849,,SJ,Tool,Silicified wood,{E29F9559-C01F-4B25-A8D5-6EAE77C938F3}
5EP.849,,SB,Flake,Silicified wood,{611C7BDD-A113-4AE5-B059-2C1AA585ADB4}
5EP.849,,SB,Flake,"Chert, caramel",{A9299C72-544A-4377-8CC5-7E9D497B20FF}
5EP.849,,SJ,Flake,Silicified wood,{423411BC-1586-437B-805F-C2697C1F3CA8}
5EP.849,,CW,Glass,Glass,{7E7E529C-4FDF-4C39-8394-A326D519E3DA}
5EP.849,,SB,Tool,Silicified wood,{FF74C7D3-A1DF-49D9-A8CB-A5F0D2F948F3}
5EP.849,,SB,Flake,Silicified wood,{2EEFC58C-3AE8-463F-9DDD-7C88732217F7}
5EP.849,,CW,Flake,"Chert, white",{50D81552-63B4-43A0-ADCC-FF3543445990}
5EP.849,,CW,Shatter,Silicified wood,{7217A370-E5BA-46C8-9225-B65EE0D165D0}
5EP.849,,CW,Flake,Silicified wood,{B0B7E2AB-C593-4023-8EED-C42769AA03FE}
5EP.849,,CW,Flake,Silicified wood,{B37E58A9-C81D-4452-AA6E-0F7DD842C9D6}
5EP.849,,CW,Flake,Chert,{5F262923-3999-48E2-BC00-A30C1E15F6AF}
5EP.849,,SS,Wire,Metal,{7C0EE6EC-1E32-4D6F-87A6-184CC9FC9197}
5EP.849,,"SJ, SS, MM",Glassware,Amethyst glass,{CD2E401B-8953-47EA-A5DD-16EE44CEF1FF}
5EP.849,,SB,Core,Silicified wood,{A8251C5D-20F1-4ACF-B82C-4E331338B8A7}
5EP.849,,MM,Flake,Heat treated Silicified wood,{CAF138F1-F73D-4CA1-8D68-06726879E68D}
5ep849,,fw,Tool,chert,{ACF1C9FE-75AE-4BEC-9A42-5215B1655787}
5ep849,,cw,Flake,chert,{4808ABD0-ED28-4E1E-9C7B-1024368F43C1}
5ep849,,mg,Flake,heated silicified wood,{CBFE9728-5BE1-469E-867D-AF1E289582F1}
5EP.849,,"SS, SJ, MM",Glassware,Amethyst glass,{AA7D55B0-8C5F-4001-9A85-40C9842AC43C}
5EP.849,,"SS, SJ, MM",Brick,,{A19ABD73-31C0-4ADC-8FF4-380382E6582C}
5EP.849,,SS,Glassware,Clear blue tinted glass ,{D39DF371-7C44-4270-BA8D-233318FDA790}
5EP.849,,SS,Brick,,{FCF6CCE3-0084-451B-823D-624CB7A7E281}
5EP.849,,SS,Brick,,{0DA91319-831B-4270-ADDF-9BA31D5C456E}
5EP.849,,SJ,Core,Chert,{C57D8ED7-EDC0-413C-981F-978F322C2AC0}
5EP.849,,MM,Flake,Silicified wood,{8E324938-4F17-4ECA-B051-9C52776871AE}
5EP.849,,TC,Core,Chert,{543E1C42-8915-4BB5-AE4B-026E17D9208F}
5EP.849,,TC,Flake,"Chert, black",{FB0F41D8-0350-4316-81B5-0F68CE3D3C33}
5EP.849,,TC,Nail,Metal,{92C29F89-9977-4379-AA45-4ABE79DDC83E}
5EP.849,,"SS, SB",Can top,Metal ,{CE3E6E99-1565-483E-B4C9-59599D335275}
5EP.849,,"SS, SB",Ceramic,,{36CB7194-9A33-4454-AC09-63F3F070B2FC}
5EP.849,,"SB, SS",Flake,Silicified wood,{86A1CD8A-C137-4FAD-A961-E9500940750E}
5EP.849,,"SB, SS",Flake,Silicified wood,{EA746F99-C223-43A7-8866-713A954150B9}
5EP.849,,"TC, SJ",Flake,Heat treated Silicified wood,{5D81CD30-3DD5-4F7D-8134-53D5DA9AE53F}
5EP.849,,TC,SpiralWire,Metal,{8275BD5B-D70E-484A-BD75-D8E311938952}
5EP.849,,TC,Core,Silicified wood,{DA8B2568-18DC-4406-AF2F-6AAFF8A13FB9}
5ep849,,fw,Tool,"chert, white",{B0457040-A86A-4A94-A87F-2E418AC86603}
,,TC,Flake,solicified wood,{E70A5CE0-A0D2-4E89-A9EE-9C144E144D7E}
,,TC,Flake,solicified wood,{622FF7AF-D4C3-420E-8C87-35FE63107869}
,,MG,Flake,solicified wood,{9CDABDB6-93B4-47D2-A658-36739721F51F}
,,MG,Flake,chert,{AE26987A-F695-4373-A409-A7C6DA6154C0}
,,MG,Flake,solicified wood,{1AC275F9-74C1-467C-BD7D-24E785E25341}
,,MG,Flake ,solicified wood,{07F25560-86EF-4679-88A9-981FB79F18E8}
,,TC,Shatter,chert,{795C01A3-8D30-44A5-A3EA-A98335267F41}
,,SJ,Flake,chert ,{FAD2456E-80F6-498B-B40E-0D3EAB5B2A0A}
,,TC ,Flake,Wood-fired solicified wood,{6A44DECB-233A-4F40-86E4-121201000429}
,,TC,Flake,wood-fired agate,{1FF75B3E-7CC8-4EC0-98A2-C402FB80B4DF}
5EP.1140,,SB,Flake,solicified wood,{2FAA07B8-7C5E-4171-A821-C01F33D2B876}
5EP.1140,,SB,Flake,solicified wood,{BB68314D-72D7-41E1-B308-74865AAA51D7}
5EP.1140,,SJ,Flake,solicified wood,{34C9EBE5-F879-4A68-B7F4-52BE8F2A9D46}
5EP.1140,,"MM, MG",Flake,Silicified wood,{CDDA9E97-E19F-4B1F-BEC7-79EB43C534D7}
5EP.1140,,CW,Flake,Heat treated Silicified wood,{A7F08229-E7BE-4CEE-87BA-33440B4A9CD0}
5EP.2789,,TC,Flake ,Solicified Wood,{A12BAB6A-6E39-4CF1-9484-5E98FA47EE62}
5EP.2789,,TC,Flake,Fire-treated solicified wood,{9ABE8997-9CDB-42D0-BC10-2393091F5DD5}
5EP.2789,,TC,Flake,solicified wood,{A17C17A6-4636-4811-A2E3-CC4BC94F8ED1}
5EP.2789,,TC,Shatter,burnt solicified wood,{6123B316-BC0F-4436-8587-6302B14DB91E}
5EP.2789,,TC,Flake,white chert,{F56770CC-1D4E-4334-AADB-F65296518798}
5EP.2789,,TC,Tool,white chert,{02DA8DB6-0BC5-4068-89B2-1AA25404E574}
5ep2789,,mk,Tool,sw,{7795A0BB-5E19-4A31-8EB9-A8DD4FF229EF}
5EP.2789,,TC,Shatter,quartzite,{B6E0EBCC-3EB0-467E-87FE-D0373B7394ED}
5EP.2789,,TC,Flake,Solicified wood,{F2B4F035-BF26-4F26-A9F3-652F1D9BAE58}
5EP.2789,,TC,Flake,Solicified wood,{11866F89-2E37-4268-994B-2CD6FB7FE95A}
5EP.2789,,TC,Flake,fire-treated solicified wood,{864F257C-6621-4169-A152-6F51B935C2BC}
5EP.2789,,TC,Flake,white chert,{B3594663-A345-4DF6-86DB-ED6D6A07188A}
5EP.2789,,TC,Flake,chert,{93E5EEE7-8665-42DA-A1B9-E86671FF9DCA}
5ep2789,,cw,Flake,quartz crystal,{41D503A1-EC88-4B8A-8DD0-588EC1F7FF27}
5ep2789,,,Flake,sw,{1F895936-2061-4FA6-B7C9-1CB47678414E}
5EP.2790,,CW,Flake,silicified wood,{CE6CB0BA-2B23-41AA-AB46-85350A411D04}
5EP.2790,,SB,non-local,black quartz,{2153744B-4CEC-4FDB-9512-5DC30078746C}
5EP.2789,,TC,Tool,white chert,{EA9E7F25-E522-45C0-A4FA-534FE83524E3}
5EP.2789,,TC,Tool,Granite,{B49713D8-CE09-4CDF-83BC-BBADB0E9DE93}
5EP.2789,,TC,Flake ,quartz,{6B461756-8F7C-4066-85C0-BDE72B6772D0}
5EP.2789,,TC. AC. EC.,Flake,"Chert, Solicified Wood, quartz",{3FAB99E0-B150-43E7-9923-0E26E5D02102}
5EP.2789,,TC,Flake,Solicified wood,{1634D09E-26CD-4A3D-A23A-5414192997BA}
5EP.2790,,SS,Flake,silicified palm wood,{1619C27A-5A16-4F59-9385-08DD4CA30E63}
5EP.2790,,CW,Flake,heated silicified wood ,{6C073E64-30BF-45FD-87BD-170953C25BE0}
5EP.2790,,KYLE ,Flake,black chert,{DF99454B-D9DA-48E8-B6F5-B7A3BE43766D}
5EP.2790,,CW,Flake,Caramel Silicified wood,{2FB05BF3-53CD-42D3-986E-7E1479E69CCF}
5EP.2790,,CW,FCR,Firecracked rock,{9EDD83B0-36FB-4145-9AB6-B585A5770393}
5EP.2790,,MG,Flake,Silicified palm wood,{055978DF-3509-4C65-B54C-22B67519E8E0}
5EP.2790,,MG,Flake ,Heat treated Silicified wood,{61047619-3D6D-40BE-A075-98D86F6D875A}
5EP.2790,,AC,Flake,Clear chert,{854B34A3-BE69-4932-A4E5-C0B6A7E6E546}
5EP.2790,,AC,Flake,Alabate,{9E836703-651F-494D-B582-45456CDCBDBB}
5EP.2790,,SB,Flake,Silicified wood,{470DF4EE-C031-4E00-AB45-AEC6F765C12C}
5EP.2790,,SS,Core,Chert,{6F905997-868C-4277-9C0B-7E9609F0FC94}
5EP.2790 ,,SB,Flake,silicified wood ,{EC24FBD7-90D0-4F26-B9D8-6300F4489400}
5EP.2790 ,,SS,Flake,caramel chert,{D51F14EB-A362-4D8C-AEB0-63891638263A}
5EP.2790 ,,SB,Flake,silicified wood,{B99A9B63-9D9C-48A0-BDFD-AB82BCAE9813}
5EP.2790 ,,SB,Flake,silicified wood,{6D18730F-355E-4C93-AFB4-A8AD7C2A0005}
5EP.2793,,TC SJ,Ceramic ,ceramic ,{42101B49-D8CE-4DA8-BE19-379A62B838AD}
5EP.2790,,TC SJ,Flake,solicified wood,{976AD711-31A3-4B62-8FCA-BC5D0CBBE42A}
5EP.2790,,TC,Flake,Solicified Wood,{921C8FFA-7C3E-4394-BC0D-5EF2FC2C8B08}
5EP.2790,,KH,Flake,Silicified wood,{783B86F9-BDBD-49F2-9D74-E753366F2E04}
5EP.2790,,SB,Flake,Clear chert ,{0686C75B-AD55-4C0A-9775-A8F96CB5EB62}
5EP.2790,,AC,Flake,Silicified wood,{B301879E-4E6C-4F21-96A2-B12025560014}
5EP.2790,,MK,Flake,Obsidian,{9B8A8A28-D5BF-4753-851E-F31286E7C98A}
5EP.2790,,CW,Flake,White chert,{8C728417-D883-46BB-BD44-E47A35AFD758}
5EP.2790,,MM,Knifeblade,Metal,{EA57E529-B773-40E1-A343-9FCC84B6BE43}
5ep2790,,ac,Tool,chert,{96AE53DC-3F76-443C-A0D0-12F9327A05A7}
5ep2790,,ac,Tool,sw,{C4D1717C-B4C9-4839-9283-5C1E52782DC8}
5ep2785,,ec,Flake,,{5DBF2854-201D-4409-91CE-DDC20F020A2B}
5ep2785,,ac,Mano,sandstone ,{71952919-4A1C-48AD-B9C8-B6659CE1BF19}
5ep2785,,cw,Tool,orthoquartize ,{64A46E55-797E-4FE0-A2E1-89648CDD47E6}
5EP.2785,,TC,Flake,chert,{E2C314BD-52A6-4EE8-B638-A50EDAC0324E}
5EP.2785,,MG,Tool,Sandstone,{EAAAE67C-4D6F-42FC-9C70-AF84F6966928}
5EP.2785,,CW,Tool,Sandstone,{C6E2F1B2-ADE4-4D48-A5D7-9863853E69FF}
5EP.2785,,CW,Flake,Caramel chert,{265C9BA1-7436-46D0-B84A-548497AFEB0D}
5EP.2785,,MM,Flake,Silicified wood,{B984380A-0EF3-489E-8FE2-CA4377BE8774}
5EP.2785,,MM,Flake,Heat treated Silicified wood,{A124DD2A-3F2F-4C52-B683-D5FDCFF37C75}
,1138,SJ,Flake,Dendritic Chert,{D12506DB-99B2-4643-A21E-A08CA7F12299}
,,SJ,Flake,Quartzite ,{12F15043-7A8E-4E26-9236-1392DA6E3467}
1138,,SJ,Flake ,Silicified wood,{A265075C-A2B2-4E5F-94C5-241B678DF8B0}
5EP.1138,,TC,Core,Pink Quartz,{E8E764E4-6E03-4E4E-86A4-32670DC68FF7}
5EP.1138,,TC,Tool,solicified wood,{853D89D6-58CD-411A-8EDD-6DE4A3E01B74}
5EP.1138,,TC,Flake,chert,{5099A106-2197-45E1-A4E8-8BFBAD47EC8C}
5EP.1138,,TC,Tool,metal,{5B7F5F2F-CD5C-4F04-BCA3-BC34784E5D9A}
,1138,SJ,Flake ,Solicified wood,{F0349D78-1768-4FD9-AE0F-5083A1ED7833}
,1138,SJ,Flake,Silicified wood,{F2294271-896E-47F9-B542-29AC748B64F9}
,1138,SJ,Tool,Limestone,{23D1E800-7D71-4627-B39C-8BBF2C311503}
,1138,SJ,Flake,Quartzite ,{80ADDA40-20A7-4AD2-B667-262DB9EF4973}
,1138,SJ,Flake,Silicified wood,{6D18C3AB-D836-40ED-BA4B-85426CB58761}
,1138,SJ,Flake ,White Chert,{DBCED9E2-6D2D-4EBF-924A-01C32A7C6132}
,1138,SJ,Flake,Chert,{77C19E5A-05AA-429C-B98C-5AA6544716FE}
5EP.1138,,TC,Core,solicified wood,{EDBB08CE-918F-4F05-B799-420F7590FC48}
5EP.1138,,TC CW,Core,caramel solicified wood,{C3F2592C-642E-4D63-8332-5AD38994A584}
5EP.1138,,TC CW,,fire treated solicified wood 3x,{71B43248-9609-4C48-ACA8-76BCE9B4AC50}
,1138,SJ,Flake,Chert,{4019AE49-F05B-4E2F-A4F7-6E2C9352A6C1}
,1138,SJ,Flake,Heat treated solicified wood,{E214EE99-1780-4D7F-9CD8-77183AA35134}
,1138,SJ,Flake,Chert,{BCCFD897-C0AB-4874-A30D-467BE84AEECA}
5ep1138,,"CW, mg",Tool,quartzite ,{DD974099-A0C0-4E2F-9D05-37AA06FB1085}
5ep1138,,mk,Tool,chert,{A74453C9-E636-41FF-8B62-949BF5551478}
5ep1138,,ac,Tool,"chert, white",{3F81A98D-9B51-4605-99EE-83E59DFEA5D2}
5ep1138,,kh,Tool,alabate ,{8D7176A7-9254-4BE6-9C3C-4C03EB480145}
5ep1138,,sb,Ceramic,,{D6315BEF-1296-446E-8DF2-4658B74A834A}
5EP.1138,,TC CW,Core,orthoquartzite ,{B39AAC96-9E00-48B0-A976-FD74E5ADC058}
5EP.1138,,AC,Tool,blueberry cobbler chert,{CAF0C1C5-7B89-4EF0-900A-FE2B3A06F513}
5EP.1138,,TC CW,,fire cracked rock,{AA73A85C-2764-4C1B-9910-93D703598E37}
5EP.1138,,TC CW,Core,Fire treated solicified wood,{9837CE07-A3BB-45C6-AA19-3F691A41B76C}
5EP.1138,,AC,Tool,sandstone,{DE7E0D7C-5C1E-48BC-BC26-1094FD3ED220}
5EP.1138,,TC,Core,"solicified wood. Grey, caramel, and black",{346E7E69-8AF6-4167-87DC-3D276863BB9B}
5EP.1138,,TC,Core,quartz,{57FBAE59-1F36-49C2-B614-40BFC01B1F73}
5EP.1138,,TC,Core,chert black with lines,{48ACA120-3778-4884-B472-B2C04B777260}
5EP.1138,,TC,Core ,quartz,{8A3B8586-21DF-4BDF-9C78-6901B3DC167F}
5EP.1138,,TC,Core,Chert,{2FE7613F-5E91-4432-878E-8E991B4E326B}
5EP.1138,,TC,Matate,sandstone,{3A191F9E-9B1F-4744-8EA3-C68E66ADCEDB}
5EP.1138,,TC,Tool,sandstone,{C63136C9-06F3-443A-BA8C-99DAC8E429E2}
5EP.1138,,TC,Tool,sandstone,{581F8FAD-7FCC-4B1F-B91C-38F1CE18D4E8}
5EP.1138,,TC,Tool,sandstone,{07073E0E-5DB6-43B5-A6C1-A31B8E6E8DD4}
5EP.1138,,TC,Core,fire treated solicified wood,{C616C3E3-F055-4307-A828-3AA48C5DCE8F}
5EP.1138,,TC,Core,caramel solicified wood,{017B3EB8-D969-4C18-9ADD-FDB53E142A07}
5EP.1138,,TC,Tool,sandstone ,{E8C2F568-7617-4DDE-9C14-B1C397A0FDBF}
5EP.1138,,TC,Core,heat treated solicified wood,{F515DEA6-8792-4B1B-A39B-3C87B0DDC798}
5EP.1138,,TC,Core,orthoquartzite ,{2FB4BD7E-B3F3-4576-AD27-421118D8C54B}
5EP.1138,,TC,Core,pink quartz,{C3270581-1FF7-4F7C-8DDA-FD43C27E6D44}
5EP.1138,,TC,Tool,palmwood,{3379824D-52AC-4197-B603-07B0C5874DB0}
5EP.1138,,TC,Tool,focilized wood,{8590327A-2E6F-4DA0-8B05-1BCD63EC848C}
5ep1138,,cw,Core,sw,{C2983AAB-E019-4053-B13D-706BC107A313}
5ep1138,,cw,Tool,chert,{29F8AF3A-B129-49D9-AC07-C56DC60F0722}
5ep1138,,ac,Tool,,{E901A925-F8F8-4623-B5F9-39D1DA239858}
5ep1138,,cw,Faunal ,,{EEA81E55-8D02-4E55-848A-DF5A08DC82AD}
JCCP.018,,TC,Building,wood and metal,{615D36C0-8512-4FB6-BD44-6597650F1A98}
,jccp.018,"Tc, cw",Flake,sw,{CB44BA67-BD58-4537-84A9-0BD8B748E4AB}
,jccp.018,"Tc, cw",Flake,,{543E96B8-8B64-45BC-A174-E694B23CA4B2}
,jccp. 018,,Flake,sw,{0FCC395B-E0F8-4A46-A27B-2F32B539CB16}
,jccp. 018,"Tc, cw",Tool,chert,{918C234F-7EB4-4B63-9373-82CDF60A98B4}
5EP.1141,,TC,Tool,sandstone,{6EFAD43F-CB2C-4338-AA77-54C52F8E90BA}
5EP.1141,,TC,Flake,caramel solicified wood,{54C751DE-431F-4E78-AE53-6FE0DB5D869A}
5EP.1141,,TC,Flake,blueberry cobbler solicified wood,{5B6A1604-AA6D-455E-8F5D-FAE1EB96AB9A}
5ep1141,,za,Ceramic,,{31BDF56D-103E-4CB8-B4EB-49AF03FA6E4E}
5ep1141,,cw,Flake,sw,{C091B81B-8BE4-4BB8-BCA2-9657597FD250}
5ep1141,,,Flake,sw,{21D96423-88F1-4C50-89A4-ED271F97E996}
5ep1141,,,Flake,sw,{9D537DC3-CD5D-475E-A719-ABA6F84F23A7}
5ep1141,,mg,Tool,orthoquartize ,{A61AED95-9792-4450-8550-A0CAFED926B3}
5EP.1141,,SJ,Flake,Chert,{9BA9DA8E-FF88-4307-8061-BE9AEA77A6E1}
5EP.1141,,SJ,Flake,Chert,{9CE01345-BC26-4600-9882-459F4F6E4C2B}
5EP.1141,,MM,Tool,Sandstone,{A830C6B8-43B9-4F8E-91EA-75547A600566}
5EP.1141,,MK,Flake,Silicified wood,{71CF96B0-7AD0-460A-B09D-D6279A85C04B}
5EP.1141,,TC,Flake,fire treated solicified wood (black and red),{9F03B01C-4195-462F-B7A4-757682FF0A97}
5EP.1141,,TC,Core,caramel solicified wood with red dots,{B8A5EABF-D051-48C2-8E75-1643FF57A5BD}
5EP.1141,,TC,Flake,caramel solicified wood,{95B77C29-5137-41F5-AED8-AC76EC087905}
5EP.1141,,TC,Flake,orthoquartzite ,{EC4DE828-B66B-4E00-8625-2BDD35EBF312}
5ep1141,,,Core,"chert, heated",{44714DF5-B912-4F74-8190-3F80B27AA920}
5ep1141,,ss,Core,"chert, heated",{E86DEB10-3464-4AED-9734-35753C0693E1}
5ep1141,,cw,Flake,sw,{1D24F736-A84C-490C-AB1C-1D2381F6975D}
5EP.1141,,SJ,Flake,quartite,{6C1D6169-28E3-429C-8B6B-27E5795FA1EF}
5EP.1141,,SJ,Flake,Detroit chert,{D2BFFC31-B3CE-4664-9A60-3406E6EAA1E6}
5EP.1141,,SJ,Tool,Jasper,{EBDFAEBF-CFD4-4099-B985-0FAD91F382B0}
5ep.2753,,SS ,Glass,Aqua glass ,{1BB78D93-E610-45ED-AE6A-6648A8072CB1}
5ep.2753,,SS ,Flake,Silicified wood,{27584981-549D-44E3-BAC2-38922A2AECFA}
5ep2753,,cw,Flake,orthoquartize ,{FA282604-76E9-4DC3-9D3A-9C3DED66991B}
5ep2753,,ss,Ceramic,,{B538686A-4C50-429F-95A4-33B07A4F780A}
5EP.2751,,TC SJ,Shatter,,{BAA18BCD-0F2C-49AA-AD9F-E7B041F7016E}
5EP.2751,,TC,Flake,caramel solicified wood,{A5BE7242-2EB2-434F-83A1-D3BD8E7292D6}
5EP.2751,,TC,Tool,sandstone,{F9A80234-6D83-45C7-A607-84A630C3CF67}
5ep.2753,,SS ,Ceramic,,{E4175301-66F5-44B6-95F5-A712BEEEA3A8}
5ep.2753,,Ss,Glass,Window glass,{3EF09D40-4192-4E44-82DF-5F850CB87E6C}
5EP.2751,,TC,Flakes,Caramel solicified wood,{797EF68C-1BBC-453A-BADF-D83CD54F8EAA}
5EP.2751,,TC,Core,white quartz,{4164A9A9-0294-4CFE-B6F4-C5B1FA8ECB30}
5EP.2751,,MM,Flake,Chert,{D95EC8E3-4D95-406E-BA43-84EA5739F9A2}
5EP.2751,,AC,Flake,Heat treated chert,{20AF1EF8-34EE-4059-9451-9554B3505B4C}
5EP.2751,,TC,Flake,Chert,{7572AEC3-30D8-417D-B7E0-4E4ECB6DDD1F}
5EP.2751,,AC,Flake,Silicified wood,{C6C39820-592C-4897-8C96-22A265D275E3}
5EP.2751,,SJ,Flake,Silicified quartzite,{0114A72E-62BF-488C-9EE3-E429727EB7F1}
5EP.2751,,SJ,Flake,Silicified wood,{5FE1ABBA-17AA-4583-8CC3-4BF627F11767}
5ep2751,,cw,Metal,metal,{98CC64EF-14B6-435D-B0A0-B5DB029D7584}
5ep2751,,ac,Groundstone,sandstone ,{3BB3CC00-8E7B-4D5F-BA57-3FB2AE587F4D}
5ep2751,,ac,Flake,"chert, speckled orange",{DF7B942F-A7DB-41E6-BB5D-19254B788FEE}
5ep2751,,cw,Groundstone,sandstone ,{965205F5-D34C-4CB9-887D-723B9BACD220}
5EP.2751,,MM,Flake,chert,{0EB4BEA8-64F7-4D73-912F-FFE327F39195}
5EP.2751,,AC,Flake,silicified wood ,{31C18D2F-7476-4EE5-9544-65805890189A}
5EP.2751,,AC,Flake,heat-treated chert,{60C26681-190C-401D-9861-433C61E544B3}
5EP.2753,,SB,Flake,orthoquartzite,{02A8302F-02C1-4B53-8777-CE8E9D7090D2}
5EP.2753,,SB,Flake,silicified wood,{17D92F35-4176-47D3-BD57-750F62D1F6C3}
5EP.2753 ,,SB,glass,glass,{DD9909E4-62F3-4EDD-8835-38852B2ED5AA}
,,,Flake,chert,{838C3553-C573-4C52-A929-E7B0F7E5827E}
,,ZA,Flake,orthoquartzite,{B93FCEB7-F3F4-4984-8160-2FB2E7070452}
,,ZA,Tool,chert?,{5942CF68-BB3E-4897-974A-68EB92491A08}
,,,Flake,selicified wood,{6E335DCC-FA1D-4997-B8F4-75CAA300C460}
,,,Flake,chert,{7552E9D2-CB0A-4F54-8EFF-AE1ADF58BBB7}
,,,Flake,selicifyed wood,{9CB0589F-F973-43B1-BB51-95CCB68B8D58}
,,,Flake,selicifyed wood,{87716E5F-AC1C-4F38-8114-50705D53A562}
,,,Flake,Quartzsite,{8F619083-BAB3-4AC1-9BC8-714AFBE8082B}
,,,Flake,Quartzite,{8A23275A-2BFD-4A42-93CD-B37EAD254E38}
,,ZA,Flake,chert,{5CA9FDAB-A89D-4D67-9331-11D08C1D5FCF}
,,,Flake,chert,{96490ED1-F605-41E1-AD7F-4BDF765BE91E}
,,,Flake,chert,{AC6A82D7-3729-46B6-9D3E-D36805C371B2}
,,,Flake,chert,{5D29DA55-74E1-4D0C-9AE1-40BFE7AF779C}
,,,Flake,quartzite,{9FA00BAA-37F3-4197-9993-5B89AD507AC9}
,,,Flake,chert,{B9333B3B-D150-49F5-A64B-5F3FFF8E28EC}
,,,Flake,chert,{935CD67C-B4C4-4E7E-936F-0C07749F53F5}
,,,Flake,chert,{59B82B8A-AD68-4167-A3C5-8B4A6451D0EE}
,,,Flake,chert,{11F01696-795B-4C5F-8759-AB26250A2BA7}
5EP2753,,,Flake,selicifyed wood,{A3BA3EB9-5F75-49CD-82D4-06B0C78114B4}
5Ep2753,,,Can,metal,{20EEE2F4-E909-4665-B2B7-D4746757B212}
5EP.2751,,AC,Flake,Silicified wood,{E894809A-7B4F-4C03-817C-9D5313DC9039}
5ep1163,,cw,Groundstone,sandstone ,{66D685BD-C000-447C-8A21-72DAE01B66B0}
5ep1163,,cw,Flake,chert,{2829CDE6-BD70-416E-B817-3BF6F0FCDB5D}
,,,,,{0324724A-8713-42CE-BB27-145981D6A8F2}
5ep2760,,sb,Ceramic,,{BBB53C3B-88D4-4733-8ECF-BE2F44847828}
,jccp.020,jnh kh,Flake,chert,{E42BA785-E4CC-4BB0-8A6E-9177AC396046}
,jccp.020,jnh kh,Flake,orthoquartzite,{C18EE5DC-9824-4861-81F6-D84B2267BEE4}
,jccp.020,jnh kh,Flake,chert,{AC5332AA-FE75-434F-A527-D656B3533DC0}
,jccp.020,jnh kh,Tool,silicified wood,{CF71D2AC-3C40-4CD4-8985-5AA0C3811837}
,jccp.020,jnh kh,Flake,chert,{185279E5-A50C-417F-88F5-153BD5DACEC2}
,jcc0.020,jnh kh,Flake,chert,{002B3D01-92BB-4221-B43D-53831AFE7355}
,jccp.024,mm,Core,sw,{D28D93C8-B433-4C10-8FBC-50C35F2BD8FB}
,JCCP.024,ZL,Core,chert,{7EDA2EC9-B096-451D-9E3E-17AC041C63D0}
,jccp.024,mm,Flake,sw,{29C32ADF-9B2F-409E-9077-E3F4899280E1}
,jccp.027,cw,Flake,sw,{1C1E9E8B-C84A-4562-83A1-D2BF70CD32C2}
,JCCP.027,ZL,Flake,Chert,{3D10DEC2-1806-4B1F-86B1-39D2BAC5DF93}
,jccp.027,cw,Flake,chert,{02A6884F-28A0-4F5F-BDE0-98C79F9641AE}
,JCCP.027,TC,Mano,Sedimentary,{21CFC749-5200-4285-ABEA-9A9C4A459972}
,JCCP.027,ZL,Flake,chert,{715B9AC6-E2B4-4670-AE60-FEF841DF0106}
,JCCP.027,ZL,Flake,milky quartz,{921A6650-E147-4EC4-BD64-3D1F53515AA2}
,JCCP.027,"MK, CW",Flake,"quartzite, purple",{6BB52364-0EB2-48B1-B34F-9AD53B9B7DF9}
,,SB,Flake,caramel chert,{2FBF571E-065B-4369-B08E-BD0DDFAB337B}
,JCCP.027,SB,Tool,sedimentary,{4CDFAC8C-9EFF-4A82-A68B-D4F3EC3A663D}
,JCP.027,ZL,Tool,sandstone,{DA43D13D-4F75-4D3A-80B4-75CFF2AC0256}
,JCCP.028,MM,Flake,Heat treated quartzite,{101EF6CE-FD70-4848-98BC-EAAB9D56D8F4}
,JCCP.028,TC,Flake,Chert,{19947840-9B60-4185-AF9F-7ADC138466F9}
,JCCP.028,SS,Flake,Silicified wood,{577F9DB6-DA25-4975-924D-A88DBECCA36B}
,JCCP.028,CW,Core,Quartzite,{FD88A69A-1E44-45F8-A5EC-114739A2B273}
,JCCP.028,TC,Core,Silicified wood,{F9B2F28A-D5B9-436B-9351-D27FE532C2B7}
,JCCP.028,TC,Flake,Silicified wood,{3CF24F1C-3C7A-4F67-A0B6-6068F6315C64}
,jccp.027,sb,Core,"SW, heated",{56EE797C-F48C-43A2-B9DB-B523BCD58822}
,jccp.027,cw,Core,sw,{17939C73-F675-4A26-A61A-EE522B6217B0}
,JCCP.029,TC,Core,Silicified wood,{A0BBEE89-BC6B-48C4-9599-6312918A27C2}
,JCCP.028,MM,Flake,Chert,{DB799660-76F5-4CD4-AB32-0B5CDDD97755}
,JCCP.029,TC,Flake/Tool,silicified wood,{4095669A-D94A-4CD5-BCCA-C39C614348B5}
,JCCP.029,SJS,Flake,Chert,{B5E2F7B7-E4C9-42AD-9467-C61D407F6E5D}
,JCCP.029,SB,Core,silicified wood ,{4632B8C9-1D71-4EDB-A8A6-679BCD2ADCD6}
0.001,jccp. 027,kh,Tool,"SW, black",{131F10F4-197E-4DC6-AF47-30547786EE0E}
,jccp.027,kh,Flake,otz,{76B3E231-8E0F-449F-BBCA-A6AABB2B6145}
,jccp .029,jnh mk, Shatter,heat treated sw,{9CBAC08A-F449-4C67-9887-7549D3B3FA13}
,jccp .029,jnh mk,Flake,heat treated sw,{05B4585B-AEFB-4FD9-886C-364459AC7792}
,jccp.032,mk,Tool,heat treated sw,{E97B1A40-6AFD-4AE8-A23F-BE8E8DB672CE}
,jccp.032,mk,Flake,sw,{689B35BF-1D8C-4B4F-9545-03B7341E4AF7}
,jccp.032,mk,Flake,sw,{E7D83319-E7E5-4429-8E2C-0EEA50848D2C}
,jccp.032,mk,Flake,heat treated sw,{EC5C519C-679F-4188-8F6E-E72392457282}
,jccp.033,"mk, tc",Tool,white chert,{46F09743-F6DF-4422-B660-3F634301BC1B}
,JCCP.033,SB,Flake,silicified wood,{9B0FB5E8-8592-45F8-92D4-05F95F2DF207}
,jccp.033,mk,Tool,chert,{32B304F3-7145-4F41-92DD-7D412B5696D6}
,JCCP.033,"ZL, SB",Tool,quartz,{2EE4CFF1-9923-42CA-9350-B268218E084F}
,jccp.033,mk,Flake,white sw,{097D3310-384A-48C1-9C35-2725F1066D7A}
,JCCP.033,SB,Flake,caramel chert,{FA8906F0-55BD-46F8-9CD9-8853C15F8448}
,jccp.033,mk,Flake,banded chert,{1167D065-EF2D-41ED-B376-C8C87467C1CB}
,jccp.033,mk,Flake,quartz,{00A4DC47-1BA7-48D7-B86B-2CF97F3F7DB4}
,JCCP.033,SB,Flake,purple chert,{C1D98076-2259-464B-BDD4-F0AD5353D896}
,jccp.033,mk,Flake,heated chert,{51CCE3FC-700A-4C15-AEF4-19F25F6995FA}
,JCCP.032,SB,Flake,sw,{D69D5647-6890-44D8-909E-B509BFF0898C}
,jccp.032,tc,Flake,"SW, caramel",{3EDEC238-ED0C-45FC-B30B-295355B02BD7}
,JCCP. 032,TC,Flake,translucent yellow chert,{534AE741-6E59-452F-BBC7-DD4FD661711E}
,JCCP.032,MM,Flake,Chert,{B307D789-B6F5-4AEB-B65A-A9E22F393972}
,JCCP.035,CW,Flake,Quartzite,{0B2AC535-F887-4599-8566-A4F80348F0FA}
,JCCP.035,SB,Flake,Heat treated Silicified wood,{8B0A0359-8DD7-4BDA-B701-52FF6D777E00}
,JCCP.035,TC,Flake,Silicified wood,{16D6E75B-F26D-4848-8858-C506E376E438}
,JCCP.035,TC,Flake,Silicified wood,{30DA301F-BFEE-431B-8D6A-0584EB93102A}
,JCCP.035,ZL,Flake,sw,{77F573F5-6F9F-469A-8563-77BEFBEAB6D0}
,JCCP.036,MK,Flake,Silicified wood,{87114427-930D-4866-9F90-B01BAD35BD8D}
,JCCP.036,mk,Flake,ortho quartzite,{AB9E5AA8-CCDD-4DA8-A444-393CFACF3D6E}
5ep.4765,,cw,Flake,sw,{4654C0AD-2BCD-4BE4-812C-ECD8E1749100}
4765,,mk,Flake,sw,{E8E020BD-FA82-4728-9EB0-806394427541}
5EP.4765,,MK,Flake,Silicified wood,{F3BE785B-887D-4D94-94BE-8C5B3888A5DF}
4765,,mk,Flake,sw,{5EEAE5EC-BACE-4D0F-83E4-2F7576427CEF}
5ep.4765,,mk,Flake,sw,{09D5ACFE-D30C-4CD7-9E2B-5DF28D37CC80}
,JCCP.043,SJ,Flake,Chert,{4C1F20D1-9056-45CF-A045-212E75FA2A4B}
,JCCP. 043,SJ,Flake,SW,{6F312C9B-EB1B-457B-B465-07375F498B00}
,JCCP.043,SJ,Tool,SW,{43C85EEA-07A7-4DE9-B82F-694E7E7BDD4F}
,JCCP. 0.43,SJ,Flake,Obsidian,{33C1E19B-5F3E-4355-BA20-C369947AB25C}
,JCCP. 043,SJ,Flake,Chert,{F7C1B67D-F679-4D6A-8E1C-6F95F3E819C4}
,JCCP. 043,SJ,Flake,SW,{DA33EA47-EB7C-41EA-83D9-DE3A5DAB29C6}
,JCCP. 043,SB,Tool,Chert,{4CD4620D-0B4A-4D6A-92FA-7579C7907E93}
,JCCP. 043,MM,Tool,SW,{4E997746-231D-4BD3-B5B1-25BED3600266}
,JCCP.043,TC,Flake,Silicified wood,{B9429551-E114-4FA0-B9F4-BAE300E37285}
,JCCP.043,TC,Flake,Silicified wood,{FF7159B4-A6AB-4862-B6FC-36F124D2AE1A}
,Jccp 043,MK,Tool,SW,{7083A3DD-451A-4276-82F6-8292BAF93AAD}
,JCCP.043,TC,Flake,Silicified wood,{B67173AE-1FE2-48C1-885E-93E778D53736}
,JCCP. 043,SJ,Flake,SW,{2D724001-745A-4442-93DF-559371421FF8}
,JCCP.043,TC,Core,Silicified wood,{F336BBF7-63B7-4BFA-874A-B3E451E935E2}
,JCCP.043,ZL,Flake,Chert,{19DB63E1-2AA2-404A-8FB5-74AD0F071434}
,JCCP.043,MM SJS,Flake,Silicified wood,{C9E06055-4818-48B7-830D-5116381142B0}
,JCCP.043,SB,Flake,Silicified wood,{0453A62E-29BD-4947-BC1A-DAD09ACFD478}
,JCCP. 043,SJ,Flake,"SW heat treated, possibly",{F0DA9262-7AEA-40D8-8F39-6D6156682F72}
,JCCP.048,TC,Flake,Silicified wood ,{1E976578-97D1-4E96-BBA2-A056B0922498}
,JCCP.048,MM,Flake,Silicified wood ,{8F140437-8464-494E-BA04-1C0282D178EB}
,JCCP.048,JH,Flake,Pink chert,{E52D419F-7C19-4358-A226-AB5BA5DAE903}
,JCCP.048,SB,Flake,Silicified wood,{868966CB-11EA-415E-9447-5DD4344F3AB7}
,JCCP.048,MK,Flake,Silicified wood ,{7EE61F21-9350-41D4-B512-8213B19A27D7}
,JCCP .048,Jnh ,Flake ,Chert pink ish color ,{991F791F-DD5B-43A9-8356-E9827D5622F8}
,JCCP.048,TC,Flake,Heat treated Silicified wood,{EFF5794A-8135-411E-B5DC-FC9FC90C1607}
,JCCP .048,Jnh,Flake ,Chert dark brown colored ,{2644A05D-0649-4FEB-8940-CF2E1E9EDAEC}
,JCCP.048,ZL,Flake,Silicified wood ,{D65ED1D0-1146-4B42-A62B-928E0EA5A64F}
,JCCP.048,ZL,Flake,SW,{4AE15606-23B7-48BD-AC6D-C39F77CC51C2}
,JCCP .048,Jnh,Flake ,PW Carmel colored ,{9C6C6607-9A5E-45B3-8827-31CB27C86AAA}
,JCCP.048,CW,Flake,Silicified wood,{F4BB3CBC-2B83-49EE-A00C-3447CBBBDFC6}
,JCCP .048,Jnh,Flake ,People caramel,{6694C098-787A-4656-9460-6E73B2A98CB7}
,JCCP .048,Jnh ,Flake ,Pw dark ,{70B8E392-3220-47BC-9E92-B06FF46FF60C}
,JCCP.043,MM,Flake ,Silicified wood,{A114D88B-C851-459D-A7FF-C82C03F93FB5}
,jccp.043,mm,Flake,sw,{BCEAFE55-250E-4555-8A32-15CDF96135F4}
,JCCP.043,MM,Flake,Silicified wood,{47E1DEE1-D017-4332-A8AC-98870B1300D5}
,JCCP.043,ZL,Flake,SW,{20B4327B-6E1D-4939-A7D5-F7422BB3DA79}
,JCCP.043,MM,Flake,Silicified wood,{A545AFEC-59CA-4494-913E-CCEFEDD5D8E0}
,jccp.043,cw,Flake,sw,{CFB8D8FF-FEC5-4C45-BDCF-0AE3953192E3}
,JCCP .043,Jnh,Flake ,Pw caramel,{6978134B-2892-4743-BF5C-5D7D63D9BD3C}
,JCCP.043,MM,Flake,Silicified wood,{3EE33F5C-F6C0-4BB6-9399-6CEBCF3E535A}
,JCCP .043,Jnh,Shatter ,Pw caramel ,{860ABF6F-2116-4966-A5C5-4BA5A5C8B0DB}
,jccp. 043,,Flake,sw,{BFBA79A1-7913-457C-84E9-C45D0D8FBEFC}
,JCCP.043,MM,Flake,Silicified wood ,{76E653D3-51D4-4B76-A645-B93097748A95}
,JCCP.043,ZL,Flake,SW,{65371F0D-CC9F-4EFF-BEAD-DC4571D78267}
,JCCP.043,MK,Flake,Silicified wood,{64CCB657-9ADB-43C6-A399-2E8E7E12CE70}
,JCCP .043,Jnh,Flake ,Pw caramel,{9065838E-C87C-484E-A5ED-A2A52396AD72}
,JCCP.043,MM,Flake,Silicified wood,{293EC47D-46DF-4545-AA57-BB6066FEECC6}
,JCCP .043,Jnh,Flake ,Pw caramel ,{79E0091D-C8A3-4803-B469-98B4A5DA4318}
,JCCP. 043,TC,Flake,SW yellow,{1861A4F2-0113-4DA1-97D2-24DE749F0BA8}
,JCCP.055,SB,Flake,Silicified wood,{CAC17630-63F1-4973-AE2A-9DAE3FB46604}
,JCCP.055,SB,Flake,sw,{86AEF335-AF89-4508-8799-4BEBE97F412B}
,JCCP.055,ZL,Flake,SW,{366768F3-0E74-4AFF-8070-8266F377419D}
,JCCP. 055,TC,Flake,Alabatus Chert,{D6A09E23-8AE0-4725-994F-F11C2185DACC}
,jccp.058,cw,Flake,sw,{8B304077-7D90-48B5-9E5F-19D6AFDFC3EB}
,JCCP.058,SB,Flake,Silicified wood,{1B2FB4DA-B4E3-4416-BDB4-E8BE2318E98F}
,jccp.058,cw,Flake,sw,{639B7C9B-486F-4EBA-9438-87AE811888B8}
,JCCP.058,SB,Flake,Silicified wood,{23B67CB5-069C-4322-9686-BFFB51D1715E}
,jccp.058,cw,Flake,sw,{DE677C14-4A88-4F2E-8CAD-CC5CDD1DB4CD}
,jccp.058,cw,Flake ,sw,{5C4DC131-639E-4E23-99E0-5F274174C9B6}
,JCCP. 058,TC,Flake,SW caramel with black and red,{93A0F980-331C-4DA2-BA60-23DEC94A364E}
,JCCP.059,SB,Flake,black chert,{CEF07F68-9CD8-40EA-A40C-2D5A71EAA48F}
,JCCP. 059,TC,Flake,Dendidritic Chery Fire treated,{8415FCE8-F224-4D64-B1EA-2389129A1DE7}
,JCCP. 059,TC,Flake,SW caramel,{DFD31490-30FD-4916-9270-455B55B4E784}
,JCCP.059,SB,Flake,sw,{AC5A92A0-0838-4526-B9BE-FE97E0B60674}
,JCCP. 059,TC,Flake,Dendidritic Chert Fire Treated,{3EEC3E76-E676-4321-9C75-363F014BC440}
,JCCP.059,SB,Flake,dendritic chert (caramel color),{C92DD0B8-A07F-4B05-B7E3-B3E86C7FBAC1}
,jccp.059,cw,Flake,sw,{3DD4B97D-04A2-4416-A7CC-9E571443773F}
,JCCP. 059,TC,Flake,Orthoquartzite fire treated,{818C76A6-670F-4302-9D50-4CBDAE1A939B}
,JCCP. 059,TC,Flake,Firetreated Dendritic Chert,{6B6E39AF-E7E3-44B8-957C-6801F37730A0}
,jccp.059,fw,Flake,sw,{3567489E-31FB-42CF-9948-F90B3FAF49BC}
,JCCP.059,ZL,Flake,SW,{EEFF46D9-231F-4036-A8D1-4957DD70EE3E}
,JCCP.059,ZL,Flake,black chert,{83F10152-ED5D-44C6-9E53-98B4F966A156}
,JCCP. 059,TC,Tool,SW caramel,{97667280-7BE8-4CDA-97E3-4E3AD49DC116}
,jccp.059,cw,Flake,"chert, caramel",{FE0A937D-E967-422E-BB8C-5C08D6DC03A3}
,JCCP.060,mk,Tool,sw,{E919B210-74B0-46B6-8069-F601BEF7B3CC}
,JCCP.060,ZL,Flake,SW,{75B7D3CD-0617-4C8C-90A5-1541721A632E}
,JCCP .060,JNH,Tool,Orthoquartzite ,{E7F5A943-5D57-4C16-A45F-F17E11435073}
,JCCP.065,ZL,Flake,SW,{81BFEE9B-3193-4FFA-B8BB-361575F77AF1}
,JCCP.065,SB,Tool,sandstone,{AE8E9A98-A299-4187-AA01-15FAD370C6CA}
,JCCP.065,ZL,Flake,Fire treated chert,{7944E0A7-8F07-4375-8E5B-1A08807FE3FE}
,JCCP.065,ZL,Flake,heat treated chert,{DD288480-5C4D-476D-A4F4-53953E37B634}
,JCCP.065,MM,Tool,"Chert, honey colored and transparent",{F7862D4F-A508-4554-8FE1-5528A662B789}
,JCCP.065,ZL,Flake,chert,{90A83C0D-C787-4095-916A-AB6986138C48}
,JCCP.067,MM,Flake,Grey chert,{DA1A1E02-6774-43D8-AB6E-1D058FC4624E}
,JCCP.067,ZL,Flake,Dendritic chert,{FBD056B3-2450-4EF9-BA3C-6E6DA06DDA24}
,JCCP. 067,TC,Flake,SW Caramel,{636CAF00-0667-451F-90A6-C2C6CE7316DB}
,JCCP.067,ZL,Flake,chert,{1AB740CB-A3DB-4C25-A533-6C47F3367573}
,0.67,SJ,Flake,Quarts crystal,{34327E22-F2DE-4D5C-B0E8-C721F2816BCD}
,JCCP.067,ZL,Flake,sw,{E18C6BB7-CCF3-4708-9B99-FE5AF6A7A1E0}
,JCCP. 067,"SJ, TC",Flake,quartzCrystal,{EFADA263-88A1-4653-BAC4-72FA7FF9B26E}
,JCCP.068,RW,Flake,Silicified wolf,{5B65939C-E1B8-4EA7-968E-BFBBA9187B60}
,JCCP.068,ZL,Flake,Silicified wood,{C7600808-FC94-4A05-962C-D8FF5C849D76}
,jccp.068,tc,Flake,sw,{68E37DC8-563F-4689-BC22-EFF473D48A5E}
,jccp.068,"mk, jnh",Flake,sw,{C0120398-85A0-4BDA-9DBE-42A6E5528F20}
,JCCP.068,TC,Flake,Silicified wood ,{655886DC-6D71-44EF-BE5A-65A1BDFEE715}
,jccp.068,"mk, jnh",Flake,sw,{7D759E5C-4AB0-4A9B-9884-F166A11B43E4}
,0.68,,Flake,SW,{D7EA6674-9C22-4D47-914B-56D7AD1342C3}
,jccp.068,tc,Flake,sw,{1A48DF42-E7A6-4E2B-B363-C3394FCDA96B}
,jccp.068,mk,Flake,dendritic chert,{D5A964D7-DD5C-4942-BCD9-E7C5EE9CD2A6}
,jccp. 068,cw,Flake,sw,{7AD54A7C-8633-4E26-90A8-17451EF4FA64}
,jccp.070,sjs,Tool,oq,{03682496-0D51-49F5-9BA1-2C0A04D8F163}
,jccp. 070,sjs,Flake,sw,{FEDED9CF-ED86-4AF0-9FFC-E9ECD815E95A}
,jccp.070,mk,Flake,sw,{3D5C75E5-CB7F-4A06-BDA9-E6BA2B768285}
,JCCP. 070,TC,Flake,SW,{8D48D105-41C5-40C3-B7FF-74334F7E1971}
,JCCP.070,SB,Flake,sw,{A78EDA9A-75DF-45CE-969F-B3C2C9309EB6}
,JCCP.071,SB,Flake,Silicified wood,{C47F6731-A0DA-471C-9E6F-A6794AFDF571}
,JCCP.071,MM,Core,Silicified wood,{64945F1A-63DF-4E9A-BA09-ED5B8FBBC7F2}
,JCCP.071,MM,Flake,Silicified wood,{FF51EB6A-18F7-4A34-97B8-2BBB600F0C4A}
,JCCP.071,MM,Flake,Silicified wood,{C7C59970-0ABF-4408-B07C-2D8744D26F7F}
,jccp.075,mk,Flake,orthoquartzite,{19201758-D1D0-4104-BFBF-BF2D8098DB51}
,jccp.075,mk,Flake,sw,{28E5C569-0216-47A0-843B-BF1E408895F1}
,JCCP.075,ZL,Flake,sw,{C9A5A4B1-D367-4C10-9426-3DD0DA039B20}
,jccp.078,mk,Tool,sw,{C0F27BD9-25F7-4A66-9C71-410BADD2C146}
,JCCP.078,SB,Flake,Black chert,{E1EC6E9A-57EE-43BD-A0CE-3116E31B3750}
,jccp.078,mk,Tool,orthoquartzite,{9D48C44F-57CE-4B0D-A2F3-ACA53A951C1D}
,JCCP.078,SB,Tool,Sandstone,{8271A324-4056-4CEC-805F-23A8CA4C308E}
,JCCP.078,KH,Flake,Silicified wood,{E6980A71-C07D-40D7-8E0A-F1D05757F79D}
,JCCP.078,JH,Flake,Silicified wood,{A05A20B9-2247-446E-AC91-8F62EFACF758}
,jccp.078,mk,Core,sw,{24478837-F42E-4F91-B3D8-5F58450DB04D}
,JCCP.078,ZL,Flake,Heat treated Silicified wood ,{53A2DF3C-5BFB-4DB4-9CDA-E42A9315A457}
,jccp.078,mk,Tool,heated chert,{169EF8DE-897D-449A-9246-37EF06227EBA}
,JCCP.078,CW,,Chert,{947E5ABB-273C-4875-8614-81A4A0D17B67}
,JCCP.078,MK,Flake,Silicified wood,{38001B62-693B-48E4-8495-D5A84E239BEC}
,jccp.078,mk,Core,chert,{9BD39FC7-7759-490E-82D9-79749C9D6CD3}
,JCCP.078,TC,Flake,Heated Silicified wood,{013D756F-D1CD-4B0C-9CE8-0A28DC410D1B}
,jccp.078 ,"mk, sb",Tool,quartz crystal,{2FA9F114-94CF-4C83-9B4C-19A7D5AE627C}
,JCCP.078,TC,Flake,Silicified wood,{2B1F11E4-0F1D-47E3-AD7C-80D0AE27FAB5}
,jccp.078,mk,Tool,sw,{71F5EF5F-FE49-4427-AD7D-A8128F055016}
,JCCP. 078,TC,Tool,white chert,{4742F165-6E00-4036-B2F5-90B5D03239C1}
,JCCP.078,SB,Flake,sw,{BEA622CA-D1D1-456A-89DC-9984BF6135B9}
,JCCP.078,SB,Tool,sw,{6EC9685C-BE19-4A7C-AF66-1FC401A78FAC}
,JCCP.078,TC,Flake,Silicified wood,{C5348AEC-9C57-4835-ADE6-E26978C1A138}
,JCCP.078,ZL,Flake,chert,{96CAE216-1727-46C0-8C0E-C1C437BC53DC}
,JCCP.078,CW,Flake,Grey chert,{EA0B6EB3-619E-46FB-B9FF-C9D826551EBB}
,JCCP.078,MM,Flake,Quartzite,{8116BA6E-DE06-4430-A0B3-09BCAC874CF5}
,JCCP. 078,TC,Tool,Brown SW,{4899F6E1-A721-4BA0-B153-47CCBAA006EA}
,jccp.078,cw,Flake,"chert, grey speckled ",{5BC62A77-FF7D-46C5-903A-660E3A5F922D}
,JCCP.078,MM,Flake,Silicified wood,{9ECFCB01-3E23-4935-BC28-CF874464BC47}
,jccp.078,cw,Flake,sw,{36FA5C47-C770-4B4D-8E44-2DB06A176FBC}
,JCCP.078,SB,Flake,Silicified wood,{69ADCE47-CB27-4B8F-B9EA-9D404776FC1E}
,JCCP.078,ZL,Flake,Silicified wood,{EE1557E7-1760-4A8A-A430-A60B4F1B625E}
,JCCP.078,CW,Flake,Heat treated Silicified wood,{EF083BC1-6D44-493D-A75F-33C992D2D046}
,JCCP.078,MM,Flake,Heat treated Silicified wood,{DE0A2387-94D6-4F1D-A6AC-AF886114C344}
,JCCP.078,JH,Flake,Silicified wood,{9422AC4D-E1F2-4C8A-BFB6-4FF492DD5F96}
,JCCP.078,MK,Flake,White chert,{7AC17439-87D5-4A38-B4DC-750518DBC8A3}
,JCCP.078,TC,Core,White chert,{DD8B1150-6257-469C-BF34-ADE2E0A19820}
,JCCP.078,SB,Flake,sw,{DA3FB237-8DF8-467A-83F9-CE7194876F45}
,jccp.078,mk,Flake,heated orthoquartzite,{E3592468-768F-4EF7-B3CD-28E861F60CB6}
,JCCP. 078,TC,Core,Quartz,{A2EA2DB5-DAE8-423B-8203-66B5E694761E}
,JCCP.078,MM,Flake,Silicified wood,{A24DFD95-6D7C-4471-9ABD-13D111E413CD}
,jccp.078,mk,Flake,sw,{7BF2126F-97BB-4C63-84A6-4BF424A47D39}
,,,,,{87B17730-A716-4FDE-8846-4E447F4814AD}
,jccp.078,zl,Flake,sw,{84E68ACE-99AD-41BF-9794-08060A69E9AA}
,JCCP. 043,TC,Tool,sandstone. arkosic,{5C2F7FE1-305D-4D37-9709-66E201A45CCA}
,JCCP.043,RM,Tool,White chert,{5289587D-D0D4-4860-A9C6-FB6E2429D344}
,jccp.065,mk,Flake,sw,{8B1AFE3E-E0CE-43B2-83FF-74F338DE3768}
,JCCP.082,ZL,Flake,SW,{596AA465-8AB5-4258-BF3C-F1BBB5E70A23}
,jccp.082,cw,Tool,"chert, brown",{66B76230-8C5E-4E9D-859F-BC328B815924}
,jccp.082,"mk, tc",Core,orthoquartzite,{589F5FAE-9D2A-47F0-9568-2357D12EB3FC}
,JCCP. 082,TC,Core,Fire treated SW,{8E1DA4B3-CBDD-4657-86AF-60DAB5B27781}
,jccp.071,cw,flakr,sw,{ADD508C8-E131-49A1-948B-EDC17C0AF097}
,jccp.071,cw,Flake,quartzite,{B406A6E1-EA0C-404F-8738-F11473BB26B3}
,jccp.071,cw,Metate,"sandstone, pink",{4E82CA58-F2E9-4D3D-8579-DC5CE2318F6A}
,JCCP .071,Jnh,Flake ,Se,{7365C52B-6EBE-4E31-8CCB-33121C324565}
,JCCP.071,SB,Tool,brown chert,{E6238BA5-E109-48E9-A314-1196532CE6B9}
,jccp.027,cw,Flake,"SW, white",{D1792DCD-80F6-4186-B1A3-346A1AFE5259}
,jccp.027,cw,Tool,"sandstone, grey",{FC6E5BB9-2CEC-4FD1-BFCA-96F92F7EC22C}
,jccp.027,cw,Flake,oqtz,{BA992903-4FD7-45A0-8FE9-04E4DA526681}
,JCCP. 027,TC,Core,fire treated SW,{8BF452A5-E34E-4268-82C1-E07290748B95}
,?,TC,Flake,SW,{D559222D-EDF0-4220-8CED-D6616F31F763}
,,TC,Flake,SW,{17326F28-2808-4887-9393-DEBA28B54CAD}
,?,TC,Flake,SW,{BC138EB8-343C-42D9-8414-DA86ADB834BB}
,?,TC,Core,SW. caramel with brown stripes,{46E1F321-CAD7-4E1D-B686-7A5DC0A9AEE3}
,?,TC,Tool,Pink with black lines,{47E50EB9-BDEF-4A6C-A108-89F920E9F63D}
,?,TC,Core,SW. caramel with black dots and red edging ,{6CABE285-04AA-4B02-9F1A-27CFD96170F0}
,?,TC,Flake,SW caramel,{5E8F9B75-F433-47F0-A33B-C897C3D527B0}
,?,TC,Tool,,{D7333898-2961-49B7-A7C1-BF1166E7FB8D}
,?,TC,Core,Chert?,{C9ADD9CE-55F9-4314-B5B0-88340B56F2BD}
,?,TC,Core,SW. Caramel. ,{AD7E8448-32E0-4630-8C31-DB30EDBB291C}
,Cole.002,cw,Flake,"SW, caramel",{769CA230-D76E-4D19-913D-EF553F4A302F}
,COLE.002,ZL,Flake,chert,{4FFD2216-4A68-47C3-A27F-D4B3E28D79AF}
,COLE.002,mk,Core,heated solicified wood,{BDCA42E3-EC9E-4A49-9766-CE74B3923D01}
,COLE.002,MM,Flake,Black cherry,{21F429E2-5716-4E7C-AED3-8FD80A009FE8}
,COLE. 002,TC,Flake,SW,{AA11DABA-7469-4F4E-A48D-976EEB9E789D}
,COLE.002,SB,Flake,Silicified wood,{110B4897-B7F6-41DB-8DE0-D11BE0A5F27C}
,COLE. 002,TC,Flake,SW ,{5EBA1DDB-798B-4307-A782-C05C192CF147}
,COLE.002,SB,Flake,sw,{F2EE5BED-7D9A-45D4-9303-D0EEF61C070F}
,COLE.002,ZL,Flake,sw,{576C7F8B-4F23-41CF-A02C-D7276F05C62E}
,JCCP.043,MM,Tool? ,Dark chert,{FBC530B4-34D9-4752-AE19-2F68FE805A20}
,,cw,Flake,orthoquartzite,{51855AF0-1E3A-4B00-BEF5-58D23E78BDE4}
,5EP.4798,TC,Flake,sw,{F0E906A2-4777-4ADC-9EB4-4BE82EFBABD3}
,JCCP.071,TC,Tool,pink sandstone,{7874CDB0-1A56-4248-BF66-05FFEE6DF995}
,,"TC, AC",FCR,FC Rock,{CC937396-53CA-4031-83E5-A5DBA4BB4409}
,JCCP.086,"TC, CW, MC",Flake,brown chert,{0D99B3DC-E58F-4DF0-A250-1665D69AF2CF}
,JCCP.086,TC,Tool,chalcedony,{5E67013D-C989-484E-B15A-0D9FDC5FE78D}
,jccp.086,cw,Flake,sw,{B30B7F5F-7A7C-41C1-B2BA-E7659EA193CD}
,revist,TC,Tool,chert,{E63B6E84-6A9F-4A15-BB71-158103E36E6A}
