<?xml version="1.0" encoding="utf-8"?>
<metadata xml:lang="en"><Esri><CreaDate>20220517</CreaDate><CreaTime>23254200</CreaTime><ArcGISFormat>1.0</ArcGISFormat><SyncOnce>FALSE</SyncOnce><DataProperties><itemProps><itemName Sync="TRUE">art.csv</itemName><imsContentType Sync="TRUE">005</imsContentType><itemLocation><linkage Sync="TRUE">file://\\PONDEROSA\GEOSTUDENT\Cate Trey\data_jimmy\art.csv</linkage><protocol Sync="TRUE">Local Area Network</protocol></itemLocation><itemSize Sync="TRUE">0.000</itemSize></itemProps><lineage><Process ToolSource="c:\program files\arcgis\pro\Resources\ArcToolbox\toolboxes\Conversion Tools.tbx\ExportTable" Date="20251006" Time="121609">ExportTable "Artefact (in site)" "G:\Cate Trey\data_jimmy\art.csv" # NOT_USE_ALIAS "site_num_official "Smithsonian site number (if existing)" true true false 10 Text 0 0,First,#,Artefact (in site),site_num_official,0,9;site_num_field "Temp. site num." true true false 15 Text 0 0,First,#,Artefact (in site),site_num_field,0,14;name_archaeo "Archaeologist name" true true false 50 Text 0 0,First,#,Artefact (in site),name_archaeo,0,49;artefact_type "Artefact type (flake, tool, core)" true true false 10 Text 0 0,First,#,Artefact (in site),artefact_type,0,9;material "Material type (chert, quartzite)" true true false 255 Text 0 0,First,#,Artefact (in site),material,0,254;GlobalID "GlobalID" false false true 38 Text 0 0,First,#,Artefact (in site),GlobalID,-1,-1" #</Process></lineage></DataProperties><SyncDate>20251006</SyncDate><SyncTime>12160800</SyncTime><ModDate>20251006</ModDate><ModTime>12160800</ModTime></Esri><dataIdInfo><envirDesc Sync="TRUE">Microsoft Windows 10 Version 10.0 (Build 22621) ; Esri ArcGIS 13.5.0.57366</envirDesc><dataLang><languageCode value="eng" Sync="TRUE"></languageCode><countryCode value="USA" Sync="TRUE"></countryCode></dataLang><idCitation><resTitle Sync="TRUE">art.csv</resTitle><presForm><PresFormCd value="001" Sync="TRUE"></PresFormCd></presForm></idCitation></dataIdInfo><mdLang><languageCode value="eng" Sync="TRUE"></languageCode><countryCode value="USA" Sync="TRUE"></countryCode></mdLang><mdChar><CharSetCd value="004" Sync="TRUE"></CharSetCd></mdChar><distInfo><distFormat><formatName Sync="TRUE">Text File</formatName></distFormat><distTranOps><transSize Sync="TRUE">0.000</transSize></distTranOps></distInfo><mdHrLv><ScopeCd value="007" Sync="TRUE"></ScopeCd></mdHrLv><mdHrLvName Sync="TRUE">non-geographic dataset</mdHrLvName><eainfo><detailed Name="art.csv"><enttyp><enttypl Sync="TRUE">art.csv</enttypl><enttypt Sync="TRUE">Table</enttypt><enttypc Sync="TRUE">0</enttypc></enttyp><attr><attrlabl Sync="TRUE">site_num_official</attrlabl><attalias Sync="TRUE">site_num_official</attalias><attrtype Sync="TRUE">String</attrtype><attwidth Sync="TRUE">10</attwidth><atprecis Sync="TRUE">0</atprecis><attscale Sync="TRUE">0</attscale></attr><attr><attrlabl Sync="TRUE">site_num_field</attrlabl><attalias Sync="TRUE">site_num_field</attalias><attrtype Sync="TRUE">String</attrtype><attwidth Sync="TRUE">15</attwidth><atprecis Sync="TRUE">0</atprecis><attscale Sync="TRUE">0</attscale></attr><attr><attrlabl Sync="TRUE">name_archaeo</attrlabl><attalias Sync="TRUE">name_archaeo</attalias><attrtype Sync="TRUE">String</attrtype><attwidth Sync="TRUE">50</attwidth><atprecis Sync="TRUE">0</atprecis><attscale Sync="TRUE">0</attscale></attr><attr><attrlabl Sync="TRUE">artefact_type</attrlabl><attalias Sync="TRUE">artefact_type</attalias><attrtype Sync="TRUE">String</attrtype><attwidth Sync="TRUE">10</attwidth><atprecis Sync="TRUE">0</atprecis><attscale Sync="TRUE">0</attscale></attr><attr><attrlabl Sync="TRUE">material</attrlabl><attalias Sync="TRUE">material</attalias><attrtype Sync="TRUE">String</attrtype><attwidth Sync="TRUE">255</attwidth><atprecis Sync="TRUE">0</atprecis><attscale Sync="TRUE">0</attscale></attr><attr><attrlabl Sync="TRUE">GlobalID</attrlabl><attalias Sync="TRUE">GlobalID</attalias><attrtype Sync="TRUE">String</attrtype><attwidth Sync="TRUE">38</attwidth><atprecis Sync="TRUE">0</atprecis><attscale Sync="TRUE">0</attscale></attr></detailed></eainfo><mdDateSt Sync="TRUE">20251006</mdDateSt></metadata>
