<?xml version="1.0" encoding="UTF-8"?><metadata>
    <idinfo>
        <citation>
            <citeinfo>
                <title>GRSM_BOUNDARY</title>
            </citeinfo>
        </citation>
        <descript>
            <abstract>Park-wide boundary set for display and general analysis purposes.The corresponding Integration of Resource Management Applications (IRMA) NPS Data Store reference is Great Smoky Mountains National Park Boundary.</abstract>
            <purpose>Great Smoky Mountains National Park Boundary</purpose>
        </descript>
        <keywords>
            <theme>
                <themekt>None</themekt>
                <themekey>GRSM</themekey>
                <themekey>Great Smoky Mountains National Park</themekey>
                <themekey>Protection &amp; Public Safety</themekey>
                <themekey>Boundaries</themekey>
            </theme>
        </keywords>
        <accconst>None</accconst>
        <useconst>The National Park Service shall not be held liable for improper or incorrect use of the data described and/or contained herein. These data and related graphics (i.e. GIF or JPG format files) are not legal documents and are not intended to be used as such. The information contained in these data is dynamic and may change over time. The data are not better than the original sources from which they were derived. It is the responsibility of the data user to use the data appropriately and consistent within the limitations of geospatial data in general and these data in particular. The related graphics are intended to aid the data user in acquiring relevant data; it is not appropriate to use the related graphics as data. The National Park Service gives no warranty, expressed or implied, as to the accuracy, reliability, or completeness of these data. It is strongly recommended that these data are directly acquired from an NPS server and not indirectly through other sources which may have changed the data in some way. Although these data have been processed successfully on computer systems at the National Park Service, no warranty expressed or implied is made regarding the utility of the data on other systems for general or scientific purposes, nor shall the act of distribution constitute any such warranty. This disclaimer applies both to individual use of the data and aggregate use with other data.The data is intended for use as a tool for display and general GIS analysis purposes only. It is in no way intended for engineering or legal purposes.</useconst>
        <datacred>Great Smoky Mountains National Park,
Resource &amp; Visitor Protection</datacred>
    </idinfo>
    <metainfo>
        <metstdn>FGDC Content Standard for Digital Geospatial Metadata</metstdn>
        <metstdv>FGDC-STD-001-1998</metstdv>
        <mettc>local time</mettc>
    </metainfo>
</metadata>
